Order_ID,Order_Date,Ship_Date,Region,Country,Category,Sub_Category,Product_Name,Sales,Profit,Quantity
ORD-100001,2019-12-18,2019-12-21,Central,USA,Furniture,Bookcases,Bookcases Product 1,1764.59,238.14,9
ORD-100002,2019-03-21,2019-03-25,East,Canada,Office Supplies,Paper,Paper Product 2,436.53,23.76,4
ORD-100003,2019-02-11,2019-02-14,West,India,Furniture,Bookcases,Bookcases Product 3,1371.04,183.84,3
ORD-100004,2019-03-01,2019-03-05,West,Canada,Furniture,Tables,Tables Product 4,464.87,101.46,3
ORD-100005,2019-12-29,2020-01-03,South,India,Furniture,Tables,Tables Product 5,1242.9,297.43,3
ORD-100006,2019-07-13,2019-07-16,East,India,Furniture,Chairs,Chairs Product 6,214.86,42.54,4
ORD-100007,2019-12-31,2020-01-05,East,USA,Furniture,Bookcases,Bookcases Product 7,326.01,66.46,7
ORD-100008,2019-06-11,2019-06-15,Central,UK,Technology,Phones,Phones Product 8,1770.59,169.38,2
ORD-100009,2019-05-30,2019-06-03,East,UK,Office Supplies,Paper,Paper Product 9,431.05,22.49,3
ORD-100010,2019-08-16,2019-08-21,East,Canada,Technology,Laptops,Laptops Product 10,1479.55,348.65,7
ORD-100011,2019-12-21,2019-12-26,East,UK,Furniture,Bookcases,Bookcases Product 11,588.21,36.82,5
ORD-100012,2019-02-02,2019-02-04,Central,India,Technology,Accessories,Accessories Product 12,241.34,17.48,4
ORD-100013,2019-09-12,2019-09-15,South,UK,Office Supplies,Binders,Binders Product 13,1445.18,98.96,5
ORD-100014,2019-11-22,2019-11-23,Central,India,Office Supplies,Binders,Binders Product 14,1331.05,294.74,10
ORD-100015,2019-08-28,2019-08-31,East,UK,Technology,Laptops,Laptops Product 15,1172.3,101.09,8
ORD-100016,2019-08-22,2019-08-26,South,USA,Office Supplies,Paper,Paper Product 16,1134.5,183.42,6
ORD-100017,2019-02-09,2019-02-12,West,UK,Furniture,Tables,Tables Product 17,117.09,25.72,7
ORD-100018,2019-06-10,2019-06-11,Central,India,Office Supplies,Paper,Paper Product 18,1524.17,176.4,5
ORD-100019,2019-11-23,2019-11-27,West,USA,Furniture,Chairs,Chairs Product 19,943.83,163.77,1
ORD-100020,2019-01-04,2019-01-09,South,Canada,Furniture,Chairs,Chairs Product 20,854.61,134.28,3
ORD-100021,2019-07-06,2019-07-07,East,Canada,Office Supplies,Storage,Storage Product 21,226.54,43.78,3
ORD-100022,2019-08-03,2019-08-05,South,Canada,Furniture,Chairs,Chairs Product 22,788.12,192.63,2
ORD-100023,2019-12-18,2019-12-23,Central,Canada,Technology,Phones,Phones Product 23,1247.25,229.85,1
ORD-100024,2019-02-18,2019-02-22,East,Canada,Technology,Phones,Phones Product 24,1623.96,148.87,7
ORD-100025,2019-07-27,2019-07-30,South,USA,Furniture,Tables,Tables Product 25,1937.35,395.76,5
ORD-100026,2019-02-27,2019-02-28,West,USA,Technology,Accessories,Accessories Product 26,1619.32,320.07,4
ORD-100027,2019-10-08,2019-10-13,South,USA,Furniture,Bookcases,Bookcases Product 27,164.58,31.36,7
ORD-100028,2019-04-04,2019-04-05,South,UK,Technology,Accessories,Accessories Product 28,761.88,183.95,8
ORD-100029,2019-02-21,2019-02-26,East,India,Technology,Phones,Phones Product 29,1338.55,300.98,7
ORD-100030,2019-06-01,2019-06-02,West,Canada,Technology,Laptops,Laptops Product 30,1793.51,221.81,7
ORD-100031,2019-07-20,2019-07-22,Central,Canada,Office Supplies,Binders,Binders Product 31,619.03,88.13,1
ORD-100032,2019-10-06,2019-10-09,East,Canada,Technology,Phones,Phones Product 32,1078.5,261.09,4
ORD-100033,2019-05-14,2019-05-18,South,UK,Furniture,Chairs,Chairs Product 33,1296.02,98.14,3
ORD-100034,2019-02-15,2019-02-17,East,India,Office Supplies,Paper,Paper Product 34,1339.82,332.09,1
ORD-100035,2019-06-21,2019-06-24,West,UK,Furniture,Bookcases,Bookcases Product 35,760.1,40.16,4
ORD-100036,2019-07-21,2019-07-23,South,India,Technology,Phones,Phones Product 36,118.62,20.11,1
ORD-100037,2019-07-08,2019-07-13,Central,Canada,Office Supplies,Paper,Paper Product 37,1504.93,240.74,3
ORD-100038,2019-10-13,2019-10-16,East,USA,Office Supplies,Storage,Storage Product 38,656.48,92.06,10
ORD-100039,2019-01-25,2019-01-28,South,USA,Furniture,Bookcases,Bookcases Product 39,51.37,6.26,6
ORD-100040,2019-05-18,2019-05-22,East,UK,Office Supplies,Binders,Binders Product 40,1987.62,437.51,9
ORD-100041,2019-10-29,2019-11-02,Central,USA,Furniture,Tables,Tables Product 41,323.32,40.92,3
ORD-100042,2019-05-08,2019-05-11,Central,USA,Office Supplies,Binders,Binders Product 42,1425.19,111.32,10
ORD-100043,2019-07-25,2019-07-27,West,Canada,Office Supplies,Storage,Storage Product 43,956.68,98.1,1
ORD-100044,2019-12-10,2019-12-12,South,India,Office Supplies,Binders,Binders Product 44,1432.4,189.86,8
ORD-100045,2019-07-09,2019-07-12,West,USA,Furniture,Tables,Tables Product 45,1523.56,145.81,2
ORD-100046,2019-12-04,2019-12-06,South,Canada,Office Supplies,Paper,Paper Product 46,1700.75,248.94,1
ORD-100047,2019-08-02,2019-08-07,West,Canada,Technology,Laptops,Laptops Product 47,268.85,32.91,4
ORD-100048,2019-07-26,2019-07-28,Central,India,Office Supplies,Paper,Paper Product 48,1357.6,259.33,3
ORD-100049,2019-05-24,2019-05-28,East,USA,Technology,Accessories,Accessories Product 49,1179.3,97.01,1
ORD-100050,2019-11-06,2019-11-10,East,Canada,Technology,Accessories,Accessories Product 50,1245.01,278.99,6
ORD-100051,2019-07-30,2019-07-31,East,UK,Office Supplies,Binders,Binders Product 51,1690.49,201.18,2
ORD-100052,2019-01-29,2019-02-02,Central,USA,Office Supplies,Binders,Binders Product 52,495.86,55.94,10
ORD-100053,2019-01-19,2019-01-21,South,UK,Office Supplies,Storage,Storage Product 53,1307.63,146.94,6
ORD-100054,2019-03-19,2019-03-20,East,UK,Office Supplies,Paper,Paper Product 54,329.01,24.99,1
ORD-100055,2019-01-09,2019-01-12,Central,USA,Office Supplies,Binders,Binders Product 55,88.35,7.88,10
ORD-100056,2019-02-11,2019-02-12,West,USA,Technology,Accessories,Accessories Product 56,1997.71,217.13,9
ORD-100057,2019-02-22,2019-02-25,West,India,Furniture,Chairs,Chairs Product 57,162.51,33.13,1
ORD-100058,2019-08-04,2019-08-09,Central,USA,Office Supplies,Binders,Binders Product 58,410.18,39.58,5
ORD-100059,2019-11-01,2019-11-06,South,India,Technology,Phones,Phones Product 59,149.03,9.57,1
ORD-100060,2019-06-14,2019-06-16,South,UK,Technology,Phones,Phones Product 60,1959.73,453.81,4
ORD-100061,2019-08-19,2019-08-21,East,UK,Furniture,Chairs,Chairs Product 61,971.85,125.46,6
ORD-100062,2019-05-07,2019-05-12,East,USA,Furniture,Bookcases,Bookcases Product 62,1082.34,73.09,3
ORD-100063,2019-07-16,2019-07-17,Central,USA,Furniture,Tables,Tables Product 63,360.99,25.74,3
ORD-100064,2019-10-17,2019-10-18,Central,India,Technology,Laptops,Laptops Product 64,1824.67,122.02,4
ORD-100065,2019-06-22,2019-06-23,East,UK,Technology,Accessories,Accessories Product 65,1684.26,110.1,8
ORD-100066,2019-01-13,2019-01-18,West,UK,Technology,Laptops,Laptops Product 66,618.63,63.4,1
ORD-100067,2019-02-17,2019-02-18,East,Canada,Office Supplies,Storage,Storage Product 67,612.88,50.65,9
ORD-100068,2019-03-20,2019-03-21,West,India,Furniture,Chairs,Chairs Product 68,1988.89,436.21,3
ORD-100069,2019-06-12,2019-06-14,Central,UK,Office Supplies,Binders,Binders Product 69,1358.13,157.72,5
ORD-100070,2019-02-08,2019-02-10,West,UK,Technology,Laptops,Laptops Product 70,1808.41,109.51,9
ORD-100071,2019-02-25,2019-02-27,West,UK,Technology,Laptops,Laptops Product 71,1683.37,398.34,9
ORD-100072,2019-12-02,2019-12-04,East,Canada,Technology,Accessories,Accessories Product 72,769.27,42.79,2
ORD-100073,2019-02-16,2019-02-20,South,UK,Office Supplies,Paper,Paper Product 73,665.97,106.02,2
ORD-100074,2019-01-02,2019-01-07,West,UK,Furniture,Bookcases,Bookcases Product 74,731.41,130.9,10
ORD-100075,2019-02-18,2019-02-23,South,UK,Office Supplies,Binders,Binders Product 75,1619.03,95.48,6
ORD-100076,2019-08-23,2019-08-24,Central,UK,Technology,Laptops,Laptops Product 76,300.4,31.28,4
ORD-100077,2019-05-19,2019-05-23,East,Canada,Technology,Accessories,Accessories Product 77,1650.85,133.88,10
ORD-100078,2019-02-10,2019-02-15,Central,India,Technology,Laptops,Laptops Product 78,448.88,71.47,4
ORD-100079,2019-02-21,2019-02-23,South,UK,Technology,Phones,Phones Product 79,404.09,32.1,3
ORD-100080,2019-05-31,2019-06-01,South,Canada,Technology,Laptops,Laptops Product 80,127.77,31.35,6
ORD-100081,2019-03-12,2019-03-15,West,UK,Furniture,Bookcases,Bookcases Product 81,881.62,58.99,4
ORD-100082,2019-10-03,2019-10-07,East,India,Furniture,Bookcases,Bookcases Product 82,1558.7,381.74,7
ORD-100083,2019-11-26,2019-11-27,South,Canada,Office Supplies,Storage,Storage Product 83,1741.39,295.48,10
ORD-100084,2019-02-07,2019-02-11,West,India,Furniture,Bookcases,Bookcases Product 84,789.57,45.4,7
ORD-100085,2019-08-05,2019-08-09,South,Canada,Office Supplies,Paper,Paper Product 85,453.54,70.68,8
ORD-100086,2019-03-08,2019-03-09,West,India,Furniture,Tables,Tables Product 86,1571.59,260.98,1
ORD-100087,2019-01-18,2019-01-22,Central,Canada,Furniture,Chairs,Chairs Product 87,699.13,139.6,4
ORD-100088,2019-08-27,2019-08-31,Central,India,Furniture,Chairs,Chairs Product 88,116.2,9.12,8
ORD-100089,2019-12-20,2019-12-21,South,USA,Technology,Phones,Phones Product 89,1966.12,476.85,10
ORD-100090,2019-09-23,2019-09-24,South,Canada,Furniture,Tables,Tables Product 90,604.78,134.73,9
ORD-100091,2019-08-12,2019-08-13,West,India,Furniture,Chairs,Chairs Product 91,1269.75,107.47,2
ORD-100092,2019-10-03,2019-10-06,West,UK,Technology,Accessories,Accessories Product 92,1463.84,257.57,1
ORD-100093,2019-04-19,2019-04-23,Central,UK,Office Supplies,Binders,Binders Product 93,1248.52,172.63,6
ORD-100094,2019-03-18,2019-03-20,Central,UK,Office Supplies,Paper,Paper Product 94,372.92,91.99,6
ORD-100095,2019-12-28,2019-12-30,Central,India,Furniture,Bookcases,Bookcases Product 95,863.23,64.12,3
ORD-100096,2019-07-10,2019-07-13,West,USA,Furniture,Tables,Tables Product 96,1544.26,155.39,10
ORD-100097,2019-01-09,2019-01-12,West,USA,Office Supplies,Storage,Storage Product 97,1183.33,119.17,4
ORD-100098,2019-06-30,2019-07-03,South,UK,Office Supplies,Binders,Binders Product 98,494.58,89.74,3
ORD-100099,2019-07-25,2019-07-27,Central,Canada,Office Supplies,Binders,Binders Product 99,1018.76,236.49,8
ORD-100100,2019-04-06,2019-04-08,South,USA,Furniture,Tables,Tables Product 100,1813.63,302.42,10
ORD-100101,2019-11-01,2019-11-03,West,Canada,Technology,Laptops,Laptops Product 101,629.76,143.06,10
ORD-100102,2019-10-08,2019-10-11,East,UK,Technology,Laptops,Laptops Product 102,961.37,61.33,10
ORD-100103,2019-04-24,2019-04-26,West,Canada,Furniture,Bookcases,Bookcases Product 103,809.9,71.03,8
ORD-100104,2019-05-08,2019-05-10,Central,USA,Technology,Phones,Phones Product 104,1741.62,362.22,5
ORD-100105,2019-12-06,2019-12-07,Central,USA,Office Supplies,Storage,Storage Product 105,1579.8,180.46,9
ORD-100106,2019-01-12,2019-01-15,East,USA,Office Supplies,Binders,Binders Product 106,1242.18,237.42,3
ORD-100107,2019-04-28,2019-05-03,East,India,Technology,Accessories,Accessories Product 107,1059.24,81.16,6
ORD-100108,2019-09-29,2019-10-02,West,India,Furniture,Chairs,Chairs Product 108,254.82,20.18,6
ORD-100109,2019-01-20,2019-01-21,West,India,Office Supplies,Binders,Binders Product 109,776.26,79.88,3
ORD-100110,2019-12-03,2019-12-06,South,India,Office Supplies,Binders,Binders Product 110,524.74,32.39,9
ORD-100111,2019-09-30,2019-10-01,East,India,Technology,Accessories,Accessories Product 111,1304.08,112.0,10
ORD-100112,2019-06-15,2019-06-16,South,UK,Office Supplies,Paper,Paper Product 112,1720.38,276.2,5
ORD-100113,2019-04-02,2019-04-06,Central,Canada,Furniture,Chairs,Chairs Product 113,380.04,51.69,10
ORD-100114,2019-07-09,2019-07-11,South,India,Office Supplies,Binders,Binders Product 114,1038.54,127.79,2
ORD-100115,2019-07-11,2019-07-16,West,India,Office Supplies,Paper,Paper Product 115,929.2,70.48,5
ORD-100116,2019-02-10,2019-02-13,South,UK,Furniture,Bookcases,Bookcases Product 116,1990.28,328.77,1
ORD-100117,2019-07-26,2019-07-29,South,India,Furniture,Chairs,Chairs Product 117,979.2,122.43,9
ORD-100118,2019-04-07,2019-04-09,West,Canada,Office Supplies,Storage,Storage Product 118,1655.49,338.21,7
ORD-100119,2019-03-21,2019-03-22,South,Canada,Office Supplies,Binders,Binders Product 119,1748.01,125.33,4
ORD-100120,2019-06-05,2019-06-09,South,USA,Furniture,Bookcases,Bookcases Product 120,1294.11,283.79,7
ORD-100121,2019-10-24,2019-10-25,West,USA,Technology,Laptops,Laptops Product 121,1516.09,125.76,8
ORD-100122,2019-04-18,2019-04-20,East,UK,Office Supplies,Binders,Binders Product 122,682.34,127.28,10
ORD-100123,2019-10-08,2019-10-11,Central,India,Technology,Phones,Phones Product 123,209.09,48.74,1
ORD-100124,2019-12-21,2019-12-26,South,India,Technology,Laptops,Laptops Product 124,645.58,121.68,10
ORD-100125,2019-04-21,2019-04-24,East,UK,Furniture,Chairs,Chairs Product 125,1844.89,393.62,7
ORD-100126,2019-11-10,2019-11-15,Central,Canada,Office Supplies,Binders,Binders Product 126,109.66,20.62,8
ORD-100127,2019-03-09,2019-03-14,East,UK,Office Supplies,Paper,Paper Product 127,1734.6,224.03,4
ORD-100128,2019-12-13,2019-12-15,East,USA,Furniture,Bookcases,Bookcases Product 128,358.62,68.44,4
ORD-100129,2019-06-06,2019-06-08,East,UK,Technology,Laptops,Laptops Product 129,1717.06,378.27,3
ORD-100130,2019-05-03,2019-05-04,Central,USA,Furniture,Bookcases,Bookcases Product 130,160.05,16.13,10
ORD-100131,2019-03-09,2019-03-13,West,Canada,Technology,Laptops,Laptops Product 131,1416.81,156.05,6
ORD-100132,2019-05-14,2019-05-16,Central,USA,Technology,Laptops,Laptops Product 132,522.43,38.72,2
ORD-100133,2019-06-04,2019-06-08,Central,USA,Technology,Phones,Phones Product 133,487.84,40.2,6
ORD-100134,2019-11-18,2019-11-19,West,USA,Technology,Laptops,Laptops Product 134,1300.8,115.68,4
ORD-100135,2019-07-22,2019-07-23,South,UK,Furniture,Tables,Tables Product 135,558.91,119.08,4
ORD-100136,2019-10-17,2019-10-19,Central,Canada,Office Supplies,Paper,Paper Product 136,355.84,67.78,6
ORD-100137,2019-08-04,2019-08-09,Central,USA,Technology,Phones,Phones Product 137,1495.2,250.17,3
ORD-100138,2019-08-06,2019-08-10,West,USA,Office Supplies,Storage,Storage Product 138,1764.82,143.85,1
ORD-100139,2019-09-10,2019-09-12,West,USA,Technology,Laptops,Laptops Product 139,1888.05,253.8,4
ORD-100140,2019-03-30,2019-04-01,South,Canada,Furniture,Tables,Tables Product 140,849.0,110.01,2
ORD-100141,2019-10-09,2019-10-12,West,UK,Technology,Phones,Phones Product 141,1264.87,284.94,5
ORD-100142,2019-10-06,2019-10-10,West,USA,Technology,Accessories,Accessories Product 142,716.91,49.61,6
ORD-100143,2019-01-23,2019-01-28,Central,Canada,Office Supplies,Storage,Storage Product 143,266.35,24.36,7
ORD-100144,2019-07-06,2019-07-07,Central,USA,Office Supplies,Storage,Storage Product 144,1230.5,236.74,7
ORD-100145,2019-03-26,2019-03-30,East,Canada,Technology,Accessories,Accessories Product 145,1828.79,222.86,7
ORD-100146,2019-10-02,2019-10-06,Central,USA,Technology,Accessories,Accessories Product 146,726.95,86.6,8
ORD-100147,2019-11-20,2019-11-22,Central,India,Furniture,Tables,Tables Product 147,1027.77,248.44,1
ORD-100148,2019-11-30,2019-12-04,East,UK,Furniture,Chairs,Chairs Product 148,969.66,151.44,5
ORD-100149,2019-07-27,2019-07-29,West,USA,Technology,Laptops,Laptops Product 149,407.01,93.49,9
ORD-100150,2019-05-07,2019-05-10,Central,USA,Office Supplies,Storage,Storage Product 150,1910.59,263.11,1
ORD-100151,2019-09-22,2019-09-24,South,Canada,Furniture,Bookcases,Bookcases Product 151,742.25,128.85,8
ORD-100152,2019-01-31,2019-02-03,South,Canada,Office Supplies,Paper,Paper Product 152,1392.03,231.37,10
ORD-100153,2019-11-29,2019-12-02,South,Canada,Furniture,Chairs,Chairs Product 153,1539.86,214.87,2
ORD-100154,2019-07-27,2019-08-01,East,India,Technology,Phones,Phones Product 154,153.09,23.48,8
ORD-100155,2019-02-07,2019-02-11,South,India,Furniture,Tables,Tables Product 155,1402.04,240.59,5
ORD-100156,2019-04-27,2019-05-02,Central,India,Technology,Accessories,Accessories Product 156,1959.55,154.31,10
ORD-100157,2019-12-22,2019-12-25,Central,UK,Furniture,Chairs,Chairs Product 157,691.18,38.58,3
ORD-100158,2019-07-15,2019-07-16,East,UK,Office Supplies,Paper,Paper Product 158,1545.92,106.67,8
ORD-100159,2019-01-07,2019-01-09,East,USA,Technology,Laptops,Laptops Product 159,1443.7,293.9,3
ORD-100160,2019-07-04,2019-07-05,West,India,Technology,Accessories,Accessories Product 160,433.63,27.9,2
ORD-100161,2019-01-11,2019-01-13,Central,USA,Office Supplies,Paper,Paper Product 161,199.4,27.57,9
ORD-100162,2019-01-29,2019-02-02,South,USA,Technology,Laptops,Laptops Product 162,514.58,42.19,5
ORD-100163,2019-03-16,2019-03-18,West,India,Furniture,Bookcases,Bookcases Product 163,756.43,156.71,1
ORD-100164,2019-03-03,2019-03-08,Central,UK,Technology,Laptops,Laptops Product 164,60.07,4.96,3
ORD-100165,2019-12-31,2020-01-02,Central,India,Furniture,Bookcases,Bookcases Product 165,1794.58,350.43,8
ORD-100166,2019-07-07,2019-07-12,Central,USA,Technology,Laptops,Laptops Product 166,1777.28,114.2,7
ORD-100167,2019-11-23,2019-11-25,Central,India,Furniture,Chairs,Chairs Product 167,944.36,160.73,5
ORD-100168,2019-01-09,2019-01-14,West,Canada,Furniture,Chairs,Chairs Product 168,1303.13,297.51,9
ORD-100169,2019-10-11,2019-10-15,East,USA,Office Supplies,Binders,Binders Product 169,893.46,156.06,3
ORD-100170,2019-03-18,2019-03-19,West,Canada,Furniture,Bookcases,Bookcases Product 170,1344.16,95.8,10
ORD-100171,2019-08-06,2019-08-11,East,India,Furniture,Chairs,Chairs Product 171,1334.69,254.27,10
ORD-100172,2019-10-19,2019-10-24,East,Canada,Furniture,Chairs,Chairs Product 172,1535.61,239.04,6
ORD-100173,2019-06-13,2019-06-14,East,India,Furniture,Tables,Tables Product 173,82.63,11.92,2
ORD-100174,2019-11-06,2019-11-08,Central,Canada,Technology,Accessories,Accessories Product 174,721.37,79.91,1
ORD-100175,2019-09-06,2019-09-08,Central,India,Furniture,Chairs,Chairs Product 175,1723.89,325.76,9
ORD-100176,2019-09-22,2019-09-24,South,India,Technology,Laptops,Laptops Product 176,368.28,64.73,4
ORD-100177,2019-07-31,2019-08-01,South,USA,Technology,Laptops,Laptops Product 177,1636.38,399.56,7
ORD-100178,2019-05-18,2019-05-23,South,India,Office Supplies,Binders,Binders Product 178,82.62,15.93,10
ORD-100179,2019-01-08,2019-01-13,West,USA,Technology,Laptops,Laptops Product 179,608.75,112.74,2
ORD-100180,2019-10-05,2019-10-09,Central,UK,Technology,Accessories,Accessories Product 180,1289.94,178.83,8
ORD-100181,2019-11-18,2019-11-23,West,USA,Office Supplies,Storage,Storage Product 181,1585.01,363.5,2
ORD-100182,2019-05-31,2019-06-05,South,India,Office Supplies,Storage,Storage Product 182,330.51,48.8,5
ORD-100183,2019-07-20,2019-07-22,West,Canada,Office Supplies,Paper,Paper Product 183,1295.79,250.34,5
ORD-100184,2019-12-07,2019-12-10,Central,UK,Technology,Phones,Phones Product 184,1583.35,351.48,9
ORD-100185,2019-04-11,2019-04-16,West,USA,Furniture,Tables,Tables Product 185,263.31,44.23,1
ORD-100186,2019-07-07,2019-07-08,West,Canada,Technology,Accessories,Accessories Product 186,994.84,75.71,3
ORD-100187,2019-01-26,2019-01-30,South,India,Technology,Accessories,Accessories Product 187,1233.83,278.79,4
ORD-100188,2019-01-02,2019-01-05,West,USA,Office Supplies,Binders,Binders Product 188,182.49,14.89,9
ORD-100189,2019-06-09,2019-06-11,East,Canada,Furniture,Bookcases,Bookcases Product 189,420.82,29.87,7
ORD-100190,2019-07-18,2019-07-21,South,India,Furniture,Tables,Tables Product 190,1599.12,362.26,10
ORD-100191,2019-03-20,2019-03-23,South,India,Technology,Accessories,Accessories Product 191,1351.49,305.55,1
ORD-100192,2019-05-18,2019-05-21,Central,Canada,Office Supplies,Paper,Paper Product 192,1318.01,97.38,3
ORD-100193,2019-03-07,2019-03-08,South,USA,Furniture,Bookcases,Bookcases Product 193,819.14,165.07,9
ORD-100194,2019-08-25,2019-08-26,Central,Canada,Furniture,Tables,Tables Product 194,202.28,17.87,9
ORD-100195,2019-07-02,2019-07-04,South,UK,Technology,Phones,Phones Product 195,1155.58,163.13,7
ORD-100196,2019-03-13,2019-03-18,East,India,Office Supplies,Binders,Binders Product 196,1260.2,183.57,6
ORD-100197,2019-01-07,2019-01-11,West,Canada,Office Supplies,Paper,Paper Product 197,1026.56,119.23,9
ORD-100198,2019-01-11,2019-01-14,South,UK,Technology,Laptops,Laptops Product 198,1498.67,154.72,3
ORD-100199,2019-10-07,2019-10-08,East,Canada,Office Supplies,Paper,Paper Product 199,1565.69,268.27,5
ORD-100200,2019-06-22,2019-06-25,South,UK,Office Supplies,Paper,Paper Product 200,1534.29,336.14,7
ORD-100201,2019-05-28,2019-06-02,West,India,Office Supplies,Storage,Storage Product 201,560.02,31.7,5
ORD-100202,2019-08-23,2019-08-28,Central,UK,Office Supplies,Binders,Binders Product 202,1969.24,411.6,1
ORD-100203,2019-11-23,2019-11-26,South,Canada,Office Supplies,Storage,Storage Product 203,1719.19,381.5,5
ORD-100204,2019-08-04,2019-08-05,East,India,Office Supplies,Storage,Storage Product 204,675.84,34.46,4
ORD-100205,2019-03-08,2019-03-09,East,UK,Furniture,Tables,Tables Product 205,1698.22,383.87,5
ORD-100206,2019-08-11,2019-08-12,West,India,Technology,Laptops,Laptops Product 206,1172.55,107.95,5
ORD-100207,2019-09-23,2019-09-24,South,UK,Technology,Accessories,Accessories Product 207,129.24,32.23,7
ORD-100208,2019-04-24,2019-04-25,East,Canada,Office Supplies,Storage,Storage Product 208,890.14,128.98,4
ORD-100209,2019-11-18,2019-11-22,South,UK,Office Supplies,Binders,Binders Product 209,1795.89,258.64,8
ORD-100210,2019-10-29,2019-11-03,Central,UK,Technology,Laptops,Laptops Product 210,1688.65,394.18,8
ORD-100211,2019-10-07,2019-10-09,East,Canada,Furniture,Bookcases,Bookcases Product 211,1278.58,294.81,1
ORD-100212,2019-01-22,2019-01-23,South,India,Technology,Phones,Phones Product 212,1603.32,160.63,9
ORD-100213,2019-10-29,2019-10-30,Central,Canada,Technology,Phones,Phones Product 213,343.91,42.71,2
ORD-100214,2019-06-16,2019-06-20,East,Canada,Furniture,Bookcases,Bookcases Product 214,1822.76,326.55,5
ORD-100215,2019-08-03,2019-08-08,South,Canada,Furniture,Tables,Tables Product 215,1704.38,372.85,6
ORD-100216,2019-02-19,2019-02-24,Central,USA,Technology,Laptops,Laptops Product 216,527.56,43.59,9
ORD-100217,2019-04-07,2019-04-12,South,USA,Furniture,Chairs,Chairs Product 217,472.74,51.75,5
ORD-100218,2019-12-11,2019-12-12,South,Canada,Furniture,Chairs,Chairs Product 218,1801.58,389.46,10
ORD-100219,2019-02-13,2019-02-15,Central,USA,Office Supplies,Binders,Binders Product 219,520.9,116.71,6
ORD-100220,2019-08-01,2019-08-03,Central,USA,Technology,Laptops,Laptops Product 220,1135.98,229.72,4
ORD-100221,2019-09-04,2019-09-07,Central,USA,Office Supplies,Storage,Storage Product 221,704.76,119.64,4
ORD-100222,2019-11-19,2019-11-23,South,Canada,Technology,Laptops,Laptops Product 222,1931.98,300.33,2
ORD-100223,2019-12-01,2019-12-06,West,UK,Technology,Phones,Phones Product 223,66.74,14.3,8
ORD-100224,2019-11-12,2019-11-13,East,UK,Office Supplies,Storage,Storage Product 224,852.54,155.01,2
ORD-100225,2019-10-06,2019-10-10,Central,India,Furniture,Chairs,Chairs Product 225,1859.84,147.41,8
ORD-100226,2019-07-12,2019-07-13,East,Canada,Furniture,Tables,Tables Product 226,1166.7,74.2,6
ORD-100227,2019-06-29,2019-06-30,East,UK,Furniture,Tables,Tables Product 227,517.63,124.41,9
ORD-100228,2019-09-20,2019-09-21,East,USA,Furniture,Tables,Tables Product 228,1133.15,193.24,8
ORD-100229,2019-11-26,2019-12-01,West,Canada,Office Supplies,Binders,Binders Product 229,368.92,66.63,5
ORD-100230,2019-11-30,2019-12-05,East,UK,Office Supplies,Storage,Storage Product 230,1171.75,181.69,8
ORD-100231,2019-06-10,2019-06-13,East,UK,Furniture,Chairs,Chairs Product 231,906.64,147.65,9
ORD-100232,2019-03-02,2019-03-06,West,Canada,Office Supplies,Storage,Storage Product 232,821.04,103.88,9
ORD-100233,2019-09-07,2019-09-08,Central,Canada,Technology,Phones,Phones Product 233,1635.08,247.81,9
ORD-100234,2019-05-05,2019-05-07,East,Canada,Technology,Laptops,Laptops Product 234,104.29,8.8,10
ORD-100235,2019-07-31,2019-08-02,South,USA,Office Supplies,Binders,Binders Product 235,108.13,12.41,5
ORD-100236,2019-11-06,2019-11-11,South,Canada,Office Supplies,Paper,Paper Product 236,1078.51,65.03,9
ORD-100237,2019-11-24,2019-11-29,West,India,Office Supplies,Storage,Storage Product 237,1304.82,140.71,2
ORD-100238,2019-07-29,2019-07-30,West,India,Furniture,Bookcases,Bookcases Product 238,1641.54,194.4,8
ORD-100239,2019-10-02,2019-10-05,West,India,Technology,Accessories,Accessories Product 239,1126.06,103.82,3
ORD-100240,2019-03-15,2019-03-18,East,USA,Office Supplies,Binders,Binders Product 240,1341.08,112.19,1
ORD-100241,2019-10-12,2019-10-16,South,Canada,Technology,Accessories,Accessories Product 241,1057.88,216.86,2
ORD-100242,2019-06-01,2019-06-03,Central,India,Technology,Laptops,Laptops Product 242,1959.54,234.71,9
ORD-100243,2019-05-01,2019-05-03,Central,UK,Office Supplies,Paper,Paper Product 243,1504.86,245.36,2
ORD-100244,2019-11-12,2019-11-16,East,UK,Technology,Laptops,Laptops Product 244,77.38,4.92,6
ORD-100245,2019-09-28,2019-10-02,South,India,Technology,Laptops,Laptops Product 245,499.5,122.04,9
ORD-100246,2019-05-22,2019-05-26,West,USA,Furniture,Tables,Tables Product 246,737.44,114.5,2
ORD-100247,2019-04-28,2019-05-03,East,USA,Technology,Laptops,Laptops Product 247,1936.82,374.06,3
ORD-100248,2019-11-28,2019-12-01,South,India,Office Supplies,Binders,Binders Product 248,1213.12,239.7,6
ORD-100249,2019-04-19,2019-04-20,South,India,Technology,Laptops,Laptops Product 249,678.05,128.13,8
ORD-100250,2019-03-03,2019-03-06,West,USA,Furniture,Chairs,Chairs Product 250,868.42,138.34,3
ORD-100251,2019-11-25,2019-11-28,East,India,Technology,Phones,Phones Product 251,864.8,148.81,1
ORD-100252,2019-03-29,2019-04-02,East,Canada,Office Supplies,Paper,Paper Product 252,282.02,16.52,2
ORD-100253,2019-04-20,2019-04-25,West,India,Furniture,Tables,Tables Product 253,844.34,178.43,7
ORD-100254,2019-02-14,2019-02-18,Central,India,Furniture,Tables,Tables Product 254,1442.49,207.04,6
ORD-100255,2019-06-04,2019-06-09,West,India,Technology,Accessories,Accessories Product 255,971.05,181.86,3
ORD-100256,2019-08-10,2019-08-13,East,UK,Furniture,Chairs,Chairs Product 256,300.87,31.38,5
ORD-100257,2019-03-09,2019-03-10,West,USA,Furniture,Chairs,Chairs Product 257,486.97,36.95,6
ORD-100258,2019-12-18,2019-12-21,East,Canada,Furniture,Bookcases,Bookcases Product 258,701.39,51.92,1
ORD-100259,2019-04-07,2019-04-09,West,USA,Technology,Phones,Phones Product 259,202.82,15.78,8
ORD-100260,2019-04-24,2019-04-29,East,Canada,Technology,Phones,Phones Product 260,408.94,76.84,7
ORD-100261,2019-02-25,2019-02-27,South,Canada,Furniture,Bookcases,Bookcases Product 261,1214.04,104.55,10
ORD-100262,2019-02-18,2019-02-23,West,UK,Technology,Accessories,Accessories Product 262,739.14,84.73,6
ORD-100263,2019-03-06,2019-03-07,Central,India,Furniture,Tables,Tables Product 263,1777.93,364.81,8
ORD-100264,2019-07-17,2019-07-21,South,Canada,Technology,Laptops,Laptops Product 264,515.17,52.6,3
ORD-100265,2019-06-18,2019-06-23,Central,Canada,Office Supplies,Paper,Paper Product 265,998.41,191.05,8
ORD-100266,2019-07-20,2019-07-21,Central,Canada,Office Supplies,Storage,Storage Product 266,550.12,74.57,7
ORD-100267,2019-12-18,2019-12-20,South,India,Technology,Phones,Phones Product 267,478.57,61.27,4
ORD-100268,2019-02-14,2019-02-18,West,Canada,Furniture,Chairs,Chairs Product 268,666.61,96.42,2
ORD-100269,2019-08-14,2019-08-18,West,India,Technology,Phones,Phones Product 269,684.48,136.1,10
ORD-100270,2019-04-27,2019-04-28,Central,USA,Technology,Phones,Phones Product 270,1805.8,298.58,4
ORD-100271,2019-08-08,2019-08-13,East,Canada,Furniture,Chairs,Chairs Product 271,1809.96,299.05,3
ORD-100272,2019-09-18,2019-09-21,East,UK,Office Supplies,Storage,Storage Product 272,416.45,61.01,5
ORD-100273,2019-07-10,2019-07-12,East,India,Office Supplies,Paper,Paper Product 273,1884.17,453.68,9
ORD-100274,2019-12-14,2019-12-16,South,India,Technology,Phones,Phones Product 274,729.67,86.07,9
ORD-100275,2019-06-05,2019-06-08,West,India,Furniture,Chairs,Chairs Product 275,1882.92,451.37,10
ORD-100276,2019-11-08,2019-11-09,South,Canada,Technology,Accessories,Accessories Product 276,705.73,130.63,8
ORD-100277,2019-02-28,2019-03-03,West,Canada,Technology,Accessories,Accessories Product 277,1512.62,126.18,3
ORD-100278,2019-03-06,2019-03-08,Central,UK,Office Supplies,Paper,Paper Product 278,413.71,54.97,2
ORD-100279,2019-01-22,2019-01-27,South,India,Furniture,Chairs,Chairs Product 279,1966.03,472.37,1
ORD-100280,2019-01-11,2019-01-16,West,UK,Furniture,Chairs,Chairs Product 280,1475.69,258.9,2
ORD-100281,2019-02-02,2019-02-06,West,UK,Furniture,Chairs,Chairs Product 281,484.97,105.1,10
ORD-100282,2019-04-17,2019-04-21,South,USA,Furniture,Bookcases,Bookcases Product 282,110.99,14.47,7
ORD-100283,2019-05-20,2019-05-23,South,Canada,Office Supplies,Paper,Paper Product 283,80.93,15.76,2
ORD-100284,2019-10-06,2019-10-10,South,India,Furniture,Bookcases,Bookcases Product 284,63.5,15.58,1
ORD-100285,2019-10-24,2019-10-29,East,India,Office Supplies,Binders,Binders Product 285,1238.53,254.32,9
ORD-100286,2019-01-30,2019-01-31,South,UK,Furniture,Bookcases,Bookcases Product 286,434.23,56.49,3
ORD-100287,2019-10-06,2019-10-10,Central,USA,Office Supplies,Storage,Storage Product 287,1376.68,330.81,9
ORD-100288,2019-07-02,2019-07-04,Central,Canada,Furniture,Tables,Tables Product 288,784.1,156.32,6
ORD-100289,2019-07-21,2019-07-23,South,USA,Office Supplies,Paper,Paper Product 289,690.52,59.13,4
ORD-100290,2019-05-26,2019-05-29,Central,India,Office Supplies,Binders,Binders Product 290,1302.85,189.21,6
ORD-100291,2019-11-01,2019-11-03,East,USA,Technology,Phones,Phones Product 291,721.9,169.41,6
ORD-100292,2019-08-21,2019-08-26,West,USA,Technology,Laptops,Laptops Product 292,1641.24,219.07,8
ORD-100293,2019-05-19,2019-05-22,South,USA,Furniture,Bookcases,Bookcases Product 293,1901.88,392.2,5
ORD-100294,2019-02-04,2019-02-09,East,USA,Furniture,Bookcases,Bookcases Product 294,1183.36,250.73,8
ORD-100295,2019-04-23,2019-04-26,West,India,Technology,Accessories,Accessories Product 295,923.47,71.84,4
ORD-100296,2019-03-31,2019-04-01,West,USA,Office Supplies,Storage,Storage Product 296,1289.4,318.46,4
ORD-100297,2019-08-09,2019-08-11,Central,USA,Office Supplies,Paper,Paper Product 297,1371.05,265.46,4
ORD-100298,2019-12-05,2019-12-07,South,India,Technology,Phones,Phones Product 298,1221.19,292.13,10
ORD-100299,2019-08-12,2019-08-15,Central,India,Technology,Phones,Phones Product 299,1354.5,275.17,3
ORD-100300,2019-01-15,2019-01-20,South,Canada,Technology,Laptops,Laptops Product 300,1355.14,212.9,10
ORD-100301,2019-08-07,2019-08-12,East,India,Furniture,Bookcases,Bookcases Product 301,1789.01,194.06,7
ORD-100302,2019-03-23,2019-03-28,West,UK,Technology,Phones,Phones Product 302,359.56,52.48,10
ORD-100303,2019-04-10,2019-04-15,West,USA,Technology,Accessories,Accessories Product 303,893.42,220.75,9
ORD-100304,2019-11-04,2019-11-06,East,India,Office Supplies,Binders,Binders Product 304,141.12,17.06,1
ORD-100305,2019-02-17,2019-02-21,Central,Canada,Office Supplies,Binders,Binders Product 305,1446.43,220.25,5
ORD-100306,2019-01-29,2019-02-01,East,Canada,Office Supplies,Binders,Binders Product 306,804.9,194.08,8
ORD-100307,2019-12-17,2019-12-22,South,India,Office Supplies,Binders,Binders Product 307,1795.84,361.26,1
ORD-100308,2019-11-02,2019-11-07,South,UK,Office Supplies,Binders,Binders Product 308,1033.3,60.27,10
ORD-100309,2019-12-22,2019-12-26,West,UK,Technology,Laptops,Laptops Product 309,977.58,73.91,2
ORD-100310,2019-11-21,2019-11-24,West,UK,Technology,Phones,Phones Product 310,291.17,48.65,2
ORD-100311,2019-08-28,2019-08-31,South,USA,Furniture,Tables,Tables Product 311,196.1,28.27,4
ORD-100312,2019-06-06,2019-06-09,South,India,Technology,Laptops,Laptops Product 312,1161.72,120.09,8
ORD-100313,2019-02-27,2019-03-02,East,India,Furniture,Bookcases,Bookcases Product 313,324.38,18.76,6
ORD-100314,2019-05-23,2019-05-26,East,India,Technology,Accessories,Accessories Product 314,1950.2,244.87,6
ORD-100315,2019-05-21,2019-05-24,East,India,Furniture,Tables,Tables Product 315,1721.7,195.27,5
ORD-100316,2019-10-08,2019-10-09,East,Canada,Furniture,Chairs,Chairs Product 316,921.08,167.63,6
ORD-100317,2019-04-05,2019-04-07,West,India,Technology,Phones,Phones Product 317,849.57,54.81,6
ORD-100318,2019-10-15,2019-10-20,West,USA,Technology,Laptops,Laptops Product 318,431.47,98.27,9
ORD-100319,2019-08-28,2019-08-31,Central,Canada,Furniture,Bookcases,Bookcases Product 319,790.4,196.26,10
ORD-100320,2019-08-30,2019-09-02,Central,USA,Technology,Accessories,Accessories Product 320,1294.94,318.36,4
ORD-100321,2019-07-31,2019-08-05,East,Canada,Furniture,Tables,Tables Product 321,1400.04,347.11,6
ORD-100322,2019-02-04,2019-02-05,South,USA,Technology,Laptops,Laptops Product 322,1784.88,337.57,1
ORD-100323,2019-02-17,2019-02-19,South,Canada,Technology,Accessories,Accessories Product 323,568.0,35.2,6
ORD-100324,2019-06-18,2019-06-20,South,UK,Technology,Phones,Phones Product 324,484.12,92.77,10
ORD-100325,2019-07-01,2019-07-02,West,Canada,Technology,Phones,Phones Product 325,1013.0,119.25,3
ORD-100326,2019-06-29,2019-07-04,Central,India,Technology,Accessories,Accessories Product 326,1886.58,461.99,3
ORD-100327,2019-09-03,2019-09-08,West,UK,Furniture,Tables,Tables Product 327,401.3,37.47,4
ORD-100328,2019-09-11,2019-09-14,East,Canada,Furniture,Chairs,Chairs Product 328,1267.23,306.09,10
ORD-100329,2019-03-10,2019-03-15,South,Canada,Furniture,Bookcases,Bookcases Product 329,875.88,137.36,3
ORD-100330,2019-09-01,2019-09-03,South,USA,Technology,Accessories,Accessories Product 330,290.25,17.41,6
ORD-100331,2019-12-13,2019-12-17,East,UK,Furniture,Tables,Tables Product 331,1753.84,401.56,1
ORD-100332,2019-03-07,2019-03-09,East,India,Office Supplies,Storage,Storage Product 332,504.48,52.26,9
ORD-100333,2019-03-21,2019-03-26,Central,Canada,Furniture,Chairs,Chairs Product 333,1380.23,247.57,4
ORD-100334,2019-08-18,2019-08-19,East,India,Office Supplies,Storage,Storage Product 334,577.93,111.88,7
ORD-100335,2019-01-07,2019-01-09,Central,UK,Office Supplies,Paper,Paper Product 335,579.6,60.3,10
ORD-100336,2019-07-15,2019-07-18,Central,India,Furniture,Chairs,Chairs Product 336,1918.16,305.68,7
ORD-100337,2019-07-10,2019-07-15,South,UK,Office Supplies,Paper,Paper Product 337,1824.76,221.22,4
ORD-100338,2019-08-14,2019-08-19,East,UK,Technology,Accessories,Accessories Product 338,591.54,134.03,4
ORD-100339,2019-02-19,2019-02-21,South,UK,Office Supplies,Paper,Paper Product 339,404.72,25.79,10
ORD-100340,2019-05-15,2019-05-18,Central,Canada,Office Supplies,Paper,Paper Product 340,1926.27,240.77,10
ORD-100341,2019-07-01,2019-07-05,Central,India,Office Supplies,Binders,Binders Product 341,133.62,30.93,9
ORD-100342,2019-08-15,2019-08-18,South,USA,Technology,Accessories,Accessories Product 342,457.55,94.54,3
ORD-100343,2019-11-26,2019-12-01,South,UK,Technology,Laptops,Laptops Product 343,1931.21,340.34,6
ORD-100344,2019-11-22,2019-11-24,South,USA,Furniture,Tables,Tables Product 344,332.02,21.81,7
ORD-100345,2019-05-11,2019-05-14,Central,India,Office Supplies,Binders,Binders Product 345,1625.74,290.31,4
ORD-100346,2019-10-30,2019-11-02,East,India,Office Supplies,Binders,Binders Product 346,342.92,17.68,8
ORD-100347,2019-11-26,2019-11-29,East,Canada,Furniture,Chairs,Chairs Product 347,677.34,50.21,5
ORD-100348,2019-05-25,2019-05-29,East,USA,Office Supplies,Paper,Paper Product 348,1731.61,363.52,5
ORD-100349,2019-04-23,2019-04-26,West,India,Office Supplies,Storage,Storage Product 349,172.04,9.29,6
ORD-100350,2019-09-14,2019-09-18,South,USA,Technology,Laptops,Laptops Product 350,1162.01,250.53,10
ORD-100351,2019-06-27,2019-07-02,South,India,Technology,Accessories,Accessories Product 351,1982.97,294.04,4
ORD-100352,2019-03-30,2019-04-04,Central,UK,Furniture,Bookcases,Bookcases Product 352,1258.04,307.97,9
ORD-100353,2019-10-24,2019-10-28,Central,USA,Technology,Laptops,Laptops Product 353,1993.37,239.14,2
ORD-100354,2019-09-24,2019-09-26,West,Canada,Furniture,Bookcases,Bookcases Product 354,612.53,39.83,10
ORD-100355,2019-12-24,2019-12-28,South,USA,Office Supplies,Storage,Storage Product 355,390.17,87.93,6
ORD-100356,2019-06-08,2019-06-10,South,Canada,Technology,Laptops,Laptops Product 356,575.58,32.06,2
ORD-100357,2019-10-16,2019-10-18,Central,UK,Office Supplies,Binders,Binders Product 357,359.56,88.82,4
ORD-100358,2019-01-12,2019-01-16,South,Canada,Office Supplies,Storage,Storage Product 358,1696.57,181.92,7
ORD-100359,2019-06-04,2019-06-06,West,India,Furniture,Bookcases,Bookcases Product 359,1299.38,115.38,8
ORD-100360,2019-09-04,2019-09-09,East,India,Office Supplies,Storage,Storage Product 360,952.29,166.34,1
ORD-100361,2019-11-28,2019-11-30,East,UK,Office Supplies,Storage,Storage Product 361,279.68,27.23,10
ORD-100362,2019-05-07,2019-05-10,South,USA,Technology,Accessories,Accessories Product 362,344.64,30.45,10
ORD-100363,2019-08-24,2019-08-29,West,India,Technology,Phones,Phones Product 363,1607.11,208.23,2
ORD-100364,2019-03-27,2019-04-01,East,Canada,Office Supplies,Paper,Paper Product 364,373.18,43.48,6
ORD-100365,2019-08-29,2019-08-31,West,India,Furniture,Tables,Tables Product 365,728.72,141.41,5
ORD-100366,2019-07-24,2019-07-29,Central,India,Furniture,Tables,Tables Product 366,1435.69,171.53,1
ORD-100367,2019-01-31,2019-02-03,South,UK,Furniture,Chairs,Chairs Product 367,1410.2,341.23,3
ORD-100368,2019-11-23,2019-11-27,Central,UK,Furniture,Chairs,Chairs Product 368,1834.55,345.62,7
ORD-100369,2019-11-13,2019-11-16,East,India,Furniture,Chairs,Chairs Product 369,1133.92,199.47,3
ORD-100370,2019-11-11,2019-11-16,South,Canada,Furniture,Chairs,Chairs Product 370,1983.7,369.73,8
ORD-100371,2019-09-24,2019-09-28,East,Canada,Office Supplies,Binders,Binders Product 371,789.5,180.45,1
ORD-100372,2019-01-02,2019-01-04,West,Canada,Technology,Laptops,Laptops Product 372,1449.35,214.06,8
ORD-100373,2019-11-10,2019-11-14,West,UK,Office Supplies,Paper,Paper Product 373,998.94,227.36,1
ORD-100374,2019-03-10,2019-03-15,West,USA,Furniture,Tables,Tables Product 374,1756.35,212.7,7
ORD-100375,2019-12-28,2019-12-29,West,Canada,Technology,Laptops,Laptops Product 375,1147.73,213.16,9
ORD-100376,2020-01-01,2020-01-02,South,India,Technology,Accessories,Accessories Product 376,884.87,170.2,10
ORD-100377,2019-07-19,2019-07-21,South,USA,Technology,Phones,Phones Product 377,369.36,58.67,7
ORD-100378,2019-01-06,2019-01-08,West,UK,Technology,Laptops,Laptops Product 378,412.7,58.45,2
ORD-100379,2019-03-23,2019-03-26,East,USA,Office Supplies,Storage,Storage Product 379,329.42,46.7,1
ORD-100380,2019-02-08,2019-02-09,West,UK,Office Supplies,Binders,Binders Product 380,1086.95,227.47,8
ORD-100381,2019-12-07,2019-12-11,Central,USA,Furniture,Bookcases,Bookcases Product 381,666.34,71.33,6
ORD-100382,2019-09-04,2019-09-08,Central,UK,Furniture,Chairs,Chairs Product 382,1804.62,268.98,8
ORD-100383,2019-09-27,2019-09-29,South,USA,Furniture,Chairs,Chairs Product 383,761.48,96.24,3
ORD-100384,2019-11-28,2019-11-30,Central,USA,Office Supplies,Storage,Storage Product 384,1125.74,146.93,8
ORD-100385,2019-08-22,2019-08-23,Central,USA,Office Supplies,Paper,Paper Product 385,1690.3,397.94,7
ORD-100386,2019-04-22,2019-04-23,West,Canada,Office Supplies,Paper,Paper Product 386,1150.82,221.92,5
ORD-100387,2019-01-09,2019-01-13,East,UK,Furniture,Chairs,Chairs Product 387,742.88,117.38,3
ORD-100388,2019-11-05,2019-11-09,West,USA,Office Supplies,Storage,Storage Product 388,1899.98,180.28,6
ORD-100389,2019-03-20,2019-03-21,West,Canada,Office Supplies,Paper,Paper Product 389,1910.8,254.0,10
ORD-100390,2019-05-27,2019-05-31,East,India,Office Supplies,Binders,Binders Product 390,1772.28,385.52,9
ORD-100391,2019-01-07,2019-01-11,Central,Canada,Technology,Phones,Phones Product 391,588.74,65.82,6
ORD-100392,2019-03-05,2019-03-06,Central,Canada,Technology,Phones,Phones Product 392,721.62,66.2,10
ORD-100393,2019-10-23,2019-10-25,South,UK,Technology,Phones,Phones Product 393,620.61,128.17,1
ORD-100394,2019-06-10,2019-06-14,Central,Canada,Technology,Laptops,Laptops Product 394,1416.74,318.03,4
ORD-100395,2019-01-25,2019-01-27,West,UK,Technology,Phones,Phones Product 395,815.74,137.58,5
ORD-100396,2019-06-19,2019-06-22,West,USA,Technology,Laptops,Laptops Product 396,605.48,91.72,3
ORD-100397,2019-11-14,2019-11-19,East,India,Furniture,Chairs,Chairs Product 397,946.89,189.45,3
ORD-100398,2019-11-16,2019-11-20,East,UK,Furniture,Chairs,Chairs Product 398,829.87,160.83,8
ORD-100399,2019-07-06,2019-07-08,East,Canada,Office Supplies,Paper,Paper Product 399,1723.81,159.95,1
ORD-100400,2019-07-19,2019-07-24,South,Canada,Furniture,Chairs,Chairs Product 400,1236.08,266.3,5
ORD-100401,2019-04-10,2019-04-14,South,USA,Technology,Accessories,Accessories Product 401,1006.66,148.29,9
ORD-100402,2019-09-21,2019-09-24,West,UK,Technology,Phones,Phones Product 402,740.76,166.43,4
ORD-100403,2019-01-08,2019-01-12,West,UK,Office Supplies,Paper,Paper Product 403,1246.08,156.02,3
ORD-100404,2019-11-26,2019-11-28,East,USA,Furniture,Bookcases,Bookcases Product 404,836.26,73.42,4
ORD-100405,2019-04-12,2019-04-16,West,Canada,Furniture,Tables,Tables Product 405,744.53,156.63,8
ORD-100406,2019-12-17,2019-12-22,West,India,Office Supplies,Storage,Storage Product 406,164.07,31.17,1
ORD-100407,2019-09-30,2019-10-03,Central,UK,Technology,Accessories,Accessories Product 407,882.98,134.3,10
ORD-100408,2019-12-05,2019-12-10,East,USA,Office Supplies,Storage,Storage Product 408,1519.08,167.77,7
ORD-100409,2019-05-25,2019-05-26,Central,India,Furniture,Chairs,Chairs Product 409,770.03,74.29,1
ORD-100410,2019-04-01,2019-04-06,West,Canada,Office Supplies,Binders,Binders Product 410,232.88,51.47,2
ORD-100411,2019-07-26,2019-07-28,East,India,Technology,Laptops,Laptops Product 411,1386.07,298.59,6
ORD-100412,2019-02-07,2019-02-12,South,India,Technology,Accessories,Accessories Product 412,305.18,46.8,7
ORD-100413,2019-07-25,2019-07-29,Central,Canada,Office Supplies,Paper,Paper Product 413,1288.82,133.61,9
ORD-100414,2019-06-27,2019-06-28,South,India,Office Supplies,Paper,Paper Product 414,1348.54,201.0,2
ORD-100415,2019-06-24,2019-06-25,Central,UK,Technology,Phones,Phones Product 415,902.56,85.8,9
ORD-100416,2019-10-29,2019-11-01,South,Canada,Office Supplies,Binders,Binders Product 416,1099.5,101.22,4
ORD-100417,2019-06-19,2019-06-24,East,UK,Office Supplies,Binders,Binders Product 417,1755.53,151.84,4
ORD-100418,2019-06-04,2019-06-07,Central,India,Furniture,Chairs,Chairs Product 418,480.23,50.23,9
ORD-100419,2019-10-06,2019-10-09,East,India,Furniture,Tables,Tables Product 419,1504.24,172.25,2
ORD-100420,2019-09-16,2019-09-19,Central,USA,Office Supplies,Binders,Binders Product 420,452.28,23.31,9
ORD-100421,2019-08-05,2019-08-08,West,USA,Technology,Accessories,Accessories Product 421,1265.81,116.19,9
ORD-100422,2019-10-30,2019-11-01,East,USA,Technology,Laptops,Laptops Product 422,1149.24,257.42,8
ORD-100423,2019-02-17,2019-02-21,Central,USA,Technology,Accessories,Accessories Product 423,1334.03,137.21,2
ORD-100424,2019-04-29,2019-04-30,East,Canada,Technology,Accessories,Accessories Product 424,1902.31,347.79,9
ORD-100425,2019-08-28,2019-08-30,Central,USA,Furniture,Chairs,Chairs Product 425,1537.24,238.68,1
ORD-100426,2019-07-07,2019-07-10,South,UK,Furniture,Tables,Tables Product 426,397.76,87.34,8
ORD-100427,2019-02-02,2019-02-05,Central,Canada,Technology,Phones,Phones Product 427,1373.91,82.03,4
ORD-100428,2019-05-12,2019-05-15,Central,Canada,Furniture,Tables,Tables Product 428,1528.51,228.8,6
ORD-100429,2019-11-01,2019-11-06,South,UK,Furniture,Tables,Tables Product 429,1171.82,200.92,7
ORD-100430,2019-08-30,2019-09-03,South,UK,Furniture,Tables,Tables Product 430,859.82,93.25,1
ORD-100431,2019-05-01,2019-05-05,East,India,Furniture,Tables,Tables Product 431,1922.55,394.54,3
ORD-100432,2019-11-24,2019-11-25,West,UK,Technology,Phones,Phones Product 432,1986.61,127.3,6
ORD-100433,2019-01-25,2019-01-29,South,India,Technology,Accessories,Accessories Product 433,789.13,56.7,6
ORD-100434,2019-12-11,2019-12-15,South,India,Technology,Phones,Phones Product 434,832.41,68.85,6
ORD-100435,2019-03-11,2019-03-15,Central,UK,Furniture,Bookcases,Bookcases Product 435,1554.86,169.49,7
ORD-100436,2019-12-01,2019-12-05,West,UK,Furniture,Bookcases,Bookcases Product 436,1314.59,290.23,3
ORD-100437,2019-01-12,2019-01-17,East,USA,Technology,Phones,Phones Product 437,1660.07,362.41,3
ORD-100438,2019-03-15,2019-03-18,East,USA,Furniture,Chairs,Chairs Product 438,198.28,48.49,7
ORD-100439,2019-10-21,2019-10-24,Central,UK,Furniture,Bookcases,Bookcases Product 439,1502.76,123.43,1
ORD-100440,2019-03-13,2019-03-16,Central,USA,Office Supplies,Paper,Paper Product 440,641.46,123.58,6
ORD-100441,2019-10-21,2019-10-26,West,India,Office Supplies,Storage,Storage Product 441,940.73,161.89,10
ORD-100442,2019-11-20,2019-11-22,East,Canada,Technology,Phones,Phones Product 442,1613.05,91.7,1
ORD-100443,2019-02-10,2019-02-14,East,USA,Technology,Laptops,Laptops Product 443,564.54,75.08,1
ORD-100444,2019-10-19,2019-10-21,South,USA,Office Supplies,Binders,Binders Product 444,1044.9,176.36,8
ORD-100445,2019-05-23,2019-05-27,Central,India,Furniture,Chairs,Chairs Product 445,1853.12,105.96,9
ORD-100446,2019-07-02,2019-07-06,East,Canada,Technology,Phones,Phones Product 446,1224.32,253.18,9
ORD-100447,2019-06-19,2019-06-22,East,UK,Technology,Phones,Phones Product 447,816.56,173.41,5
ORD-100448,2019-10-25,2019-10-30,West,India,Technology,Phones,Phones Product 448,794.61,103.42,2
ORD-100449,2019-10-29,2019-11-03,West,UK,Technology,Laptops,Laptops Product 449,1623.47,369.57,7
ORD-100450,2019-05-13,2019-05-17,West,India,Office Supplies,Paper,Paper Product 450,519.56,91.7,10
ORD-100451,2019-11-10,2019-11-15,East,UK,Office Supplies,Paper,Paper Product 451,560.75,131.17,2
ORD-100452,2019-10-21,2019-10-23,West,India,Furniture,Chairs,Chairs Product 452,112.93,10.67,4
ORD-100453,2019-01-04,2019-01-07,West,Canada,Furniture,Chairs,Chairs Product 453,280.9,46.06,3
ORD-100454,2019-04-17,2019-04-18,South,India,Technology,Accessories,Accessories Product 454,948.48,206.12,8
ORD-100455,2019-12-24,2019-12-27,South,Canada,Technology,Phones,Phones Product 455,603.02,49.36,6
ORD-100456,2019-07-29,2019-08-03,West,UK,Furniture,Chairs,Chairs Product 456,130.04,20.03,1
ORD-100457,2019-03-05,2019-03-06,East,UK,Technology,Accessories,Accessories Product 457,389.99,39.07,4
ORD-100458,2019-07-05,2019-07-08,South,India,Furniture,Bookcases,Bookcases Product 458,1670.83,332.48,4
ORD-100459,2019-04-18,2019-04-19,East,India,Technology,Phones,Phones Product 459,1745.81,156.74,7
ORD-100460,2019-01-24,2019-01-26,West,India,Furniture,Chairs,Chairs Product 460,834.91,100.4,10
ORD-100461,2019-04-20,2019-04-23,South,UK,Technology,Phones,Phones Product 461,1049.24,193.56,1
ORD-100462,2019-12-22,2019-12-23,South,India,Technology,Laptops,Laptops Product 462,1319.39,144.93,6
ORD-100463,2019-07-26,2019-07-29,South,UK,Furniture,Tables,Tables Product 463,1775.65,131.39,7
ORD-100464,2019-09-20,2019-09-23,East,Canada,Office Supplies,Binders,Binders Product 464,1733.65,370.58,9
ORD-100465,2019-04-16,2019-04-18,West,UK,Technology,Phones,Phones Product 465,295.83,49.05,2
ORD-100466,2019-09-01,2019-09-04,East,Canada,Office Supplies,Storage,Storage Product 466,225.58,43.64,9
ORD-100467,2019-10-18,2019-10-20,South,Canada,Furniture,Bookcases,Bookcases Product 467,416.45,98.05,5
ORD-100468,2019-08-28,2019-08-29,Central,India,Furniture,Bookcases,Bookcases Product 468,1993.16,475.96,2
ORD-100469,2019-11-04,2019-11-08,West,USA,Office Supplies,Binders,Binders Product 469,1177.92,239.35,3
ORD-100470,2019-03-29,2019-03-30,West,Canada,Technology,Phones,Phones Product 470,588.98,138.58,5
ORD-100471,2019-09-07,2019-09-08,South,USA,Technology,Laptops,Laptops Product 471,428.72,25.9,3
ORD-100472,2019-04-16,2019-04-19,West,Canada,Technology,Laptops,Laptops Product 472,1379.68,250.92,9
ORD-100473,2019-02-06,2019-02-08,South,USA,Furniture,Tables,Tables Product 473,1724.85,209.75,4
ORD-100474,2019-05-05,2019-05-08,Central,USA,Technology,Accessories,Accessories Product 474,1245.3,102.02,9
ORD-100475,2019-08-24,2019-08-25,East,USA,Technology,Accessories,Accessories Product 475,1544.37,365.15,1
ORD-100476,2019-02-14,2019-02-19,Central,UK,Technology,Phones,Phones Product 476,718.3,58.38,1
ORD-100477,2019-05-09,2019-05-12,Central,UK,Office Supplies,Storage,Storage Product 477,796.49,109.85,1
ORD-100478,2019-03-05,2019-03-10,East,UK,Furniture,Chairs,Chairs Product 478,216.68,51.63,2
ORD-100479,2019-04-10,2019-04-15,West,India,Technology,Laptops,Laptops Product 479,1808.65,316.44,10
ORD-100480,2019-07-16,2019-07-18,South,UK,Technology,Laptops,Laptops Product 480,380.03,62.43,8
ORD-100481,2019-03-19,2019-03-24,Central,UK,Furniture,Tables,Tables Product 481,833.09,56.26,7
ORD-100482,2019-12-22,2019-12-24,Central,Canada,Furniture,Bookcases,Bookcases Product 482,228.37,46.88,4
ORD-100483,2019-10-24,2019-10-26,East,UK,Technology,Laptops,Laptops Product 483,1920.06,450.2,10
ORD-100484,2019-08-22,2019-08-24,South,Canada,Office Supplies,Paper,Paper Product 484,477.5,51.45,6
ORD-100485,2019-08-29,2019-09-01,South,India,Office Supplies,Paper,Paper Product 485,1688.03,224.96,2
ORD-100486,2019-12-28,2019-12-29,South,UK,Technology,Laptops,Laptops Product 486,569.69,136.39,1
ORD-100487,2019-11-05,2019-11-07,Central,USA,Technology,Accessories,Accessories Product 487,81.99,9.38,5
ORD-100488,2019-04-27,2019-04-28,East,India,Technology,Phones,Phones Product 488,1587.97,379.84,4
ORD-100489,2019-03-28,2019-04-01,East,India,Furniture,Bookcases,Bookcases Product 489,984.04,200.91,10
ORD-100490,2019-01-01,2019-01-02,West,India,Furniture,Bookcases,Bookcases Product 490,1731.92,239.5,7
ORD-100491,2019-12-30,2020-01-01,East,USA,Technology,Laptops,Laptops Product 491,545.29,37.95,7
ORD-100492,2019-06-26,2019-06-28,East,Canada,Technology,Accessories,Accessories Product 492,1492.53,355.26,6
ORD-100493,2019-07-26,2019-07-29,South,India,Office Supplies,Paper,Paper Product 493,395.1,23.27,6
ORD-100494,2019-11-03,2019-11-05,South,Canada,Office Supplies,Binders,Binders Product 494,1918.82,471.65,3
ORD-100495,2019-06-06,2019-06-10,West,India,Office Supplies,Paper,Paper Product 495,1909.18,278.19,8
ORD-100496,2019-10-14,2019-10-17,South,Canada,Office Supplies,Binders,Binders Product 496,1219.05,185.1,1
ORD-100497,2019-08-21,2019-08-22,South,Canada,Furniture,Chairs,Chairs Product 497,146.58,23.42,2
ORD-100498,2019-05-07,2019-05-11,West,UK,Office Supplies,Storage,Storage Product 498,1856.58,279.2,1
ORD-100499,2019-07-21,2019-07-25,East,India,Technology,Laptops,Laptops Product 499,997.13,217.62,3
ORD-100500,2019-09-11,2019-09-16,East,India,Office Supplies,Paper,Paper Product 500,1987.75,222.04,7
ORD-100501,2019-01-03,2019-01-04,West,UK,Technology,Laptops,Laptops Product 501,663.09,132.37,1
ORD-100502,2019-10-29,2019-11-02,West,Canada,Office Supplies,Storage,Storage Product 502,1927.34,428.61,10
ORD-100503,2019-05-27,2019-05-31,South,UK,Technology,Accessories,Accessories Product 503,1505.6,254.06,8
ORD-100504,2019-01-19,2019-01-24,Central,India,Technology,Accessories,Accessories Product 504,1911.37,458.13,5
ORD-100505,2019-04-26,2019-04-27,East,Canada,Technology,Accessories,Accessories Product 505,533.97,30.51,9
ORD-100506,2019-03-20,2019-03-24,South,Canada,Furniture,Chairs,Chairs Product 506,469.06,77.53,2
ORD-100507,2019-02-03,2019-02-08,West,India,Technology,Accessories,Accessories Product 507,304.72,32.39,2
ORD-100508,2019-03-16,2019-03-18,South,USA,Office Supplies,Binders,Binders Product 508,1800.29,263.59,1
ORD-100509,2019-05-29,2019-05-31,East,UK,Furniture,Bookcases,Bookcases Product 509,1486.14,273.03,1
ORD-100510,2019-11-29,2019-12-04,Central,Canada,Furniture,Chairs,Chairs Product 510,480.58,53.63,3
ORD-100511,2019-09-10,2019-09-11,West,India,Furniture,Tables,Tables Product 511,1599.1,228.88,8
ORD-100512,2019-09-26,2019-09-27,Central,India,Furniture,Bookcases,Bookcases Product 512,1389.13,74.19,6
ORD-100513,2019-12-15,2019-12-18,West,UK,Furniture,Tables,Tables Product 513,1386.25,274.89,4
ORD-100514,2019-02-08,2019-02-12,Central,USA,Furniture,Bookcases,Bookcases Product 514,920.99,101.85,6
ORD-100515,2019-10-13,2019-10-14,East,USA,Office Supplies,Paper,Paper Product 515,1990.41,308.04,7
ORD-100516,2019-05-18,2019-05-22,Central,Canada,Furniture,Tables,Tables Product 516,1338.14,132.49,4
ORD-100517,2019-06-07,2019-06-09,East,Canada,Furniture,Tables,Tables Product 517,1792.86,377.47,4
ORD-100518,2019-05-01,2019-05-06,South,India,Technology,Accessories,Accessories Product 518,1897.02,170.61,9
ORD-100519,2019-12-04,2019-12-08,West,Canada,Furniture,Tables,Tables Product 519,1086.37,237.81,6
ORD-100520,2019-06-21,2019-06-24,Central,USA,Furniture,Bookcases,Bookcases Product 520,434.92,24.87,9
ORD-100521,2019-05-21,2019-05-22,West,USA,Technology,Phones,Phones Product 521,1310.61,103.16,5
ORD-100522,2019-09-01,2019-09-03,East,UK,Technology,Accessories,Accessories Product 522,575.77,128.25,8
ORD-100523,2019-03-16,2019-03-20,South,USA,Furniture,Chairs,Chairs Product 523,858.31,51.15,10
ORD-100524,2019-04-08,2019-04-09,South,India,Office Supplies,Binders,Binders Product 524,713.19,173.44,5
ORD-100525,2019-04-18,2019-04-19,East,USA,Office Supplies,Paper,Paper Product 525,1431.85,289.63,7
ORD-100526,2019-03-05,2019-03-07,South,USA,Office Supplies,Paper,Paper Product 526,673.07,80.16,7
ORD-100527,2019-07-22,2019-07-24,South,India,Furniture,Tables,Tables Product 527,1008.73,252.09,2
ORD-100528,2019-03-26,2019-03-30,East,UK,Technology,Laptops,Laptops Product 528,1442.77,200.85,5
ORD-100529,2019-08-14,2019-08-15,Central,UK,Technology,Laptops,Laptops Product 529,954.24,209.53,7
ORD-100530,2019-05-01,2019-05-06,West,India,Furniture,Chairs,Chairs Product 530,631.05,142.86,8
ORD-100531,2019-03-03,2019-03-05,East,UK,Technology,Phones,Phones Product 531,1955.56,186.0,3
ORD-100532,2019-09-02,2019-09-06,Central,UK,Technology,Laptops,Laptops Product 532,1608.29,324.89,8
ORD-100533,2019-08-14,2019-08-16,West,USA,Technology,Accessories,Accessories Product 533,1570.34,189.22,3
ORD-100534,2019-03-22,2019-03-26,East,UK,Office Supplies,Storage,Storage Product 534,491.27,121.11,6
ORD-100535,2019-12-21,2019-12-24,West,UK,Office Supplies,Storage,Storage Product 535,320.64,74.54,6
ORD-100536,2019-01-11,2019-01-14,West,UK,Office Supplies,Binders,Binders Product 536,1604.71,354.38,10
ORD-100537,2019-07-25,2019-07-30,Central,Canada,Office Supplies,Paper,Paper Product 537,1395.82,235.43,2
ORD-100538,2019-01-20,2019-01-24,Central,India,Office Supplies,Storage,Storage Product 538,1928.47,367.9,10
ORD-100539,2019-11-05,2019-11-08,Central,USA,Office Supplies,Paper,Paper Product 539,445.63,58.95,9
ORD-100540,2019-10-20,2019-10-22,Central,Canada,Furniture,Chairs,Chairs Product 540,177.12,43.97,4
ORD-100541,2019-08-15,2019-08-20,East,USA,Furniture,Chairs,Chairs Product 541,390.13,33.35,9
ORD-100542,2019-10-18,2019-10-22,Central,India,Office Supplies,Binders,Binders Product 542,568.42,106.12,5
ORD-100543,2019-05-07,2019-05-12,East,Canada,Technology,Laptops,Laptops Product 543,150.57,11.02,5
ORD-100544,2019-10-25,2019-10-26,West,UK,Technology,Phones,Phones Product 544,1757.1,282.16,7
ORD-100545,2019-01-20,2019-01-25,West,India,Furniture,Chairs,Chairs Product 545,1131.27,104.21,2
ORD-100546,2019-08-14,2019-08-17,Central,USA,Furniture,Chairs,Chairs Product 546,460.52,39.02,6
ORD-100547,2019-09-06,2019-09-09,Central,UK,Furniture,Tables,Tables Product 547,1511.81,311.15,6
ORD-100548,2019-05-05,2019-05-10,Central,India,Technology,Accessories,Accessories Product 548,1898.58,273.59,10
ORD-100549,2020-01-01,2020-01-05,South,Canada,Technology,Phones,Phones Product 549,155.13,32.52,2
ORD-100550,2019-06-15,2019-06-19,West,India,Furniture,Tables,Tables Product 550,1949.42,368.32,1
ORD-100551,2019-06-25,2019-06-30,South,Canada,Office Supplies,Binders,Binders Product 551,164.91,13.67,4
ORD-100552,2019-11-11,2019-11-15,South,Canada,Technology,Laptops,Laptops Product 552,972.85,69.26,6
ORD-100553,2019-12-20,2019-12-21,South,USA,Furniture,Bookcases,Bookcases Product 553,1076.43,213.68,5
ORD-100554,2019-08-10,2019-08-11,Central,USA,Furniture,Bookcases,Bookcases Product 554,1705.58,188.6,4
ORD-100555,2019-08-25,2019-08-29,East,India,Furniture,Tables,Tables Product 555,1132.3,129.64,1
ORD-100556,2019-08-21,2019-08-26,Central,Canada,Furniture,Bookcases,Bookcases Product 556,464.78,72.92,3
ORD-100557,2019-02-07,2019-02-09,Central,UK,Furniture,Chairs,Chairs Product 557,1789.61,390.61,8
ORD-100558,2019-12-29,2020-01-02,Central,India,Technology,Laptops,Laptops Product 558,1361.16,233.29,5
ORD-100559,2019-10-21,2019-10-25,East,Canada,Office Supplies,Paper,Paper Product 559,1669.01,277.92,2
ORD-100560,2019-04-25,2019-04-29,Central,USA,Technology,Accessories,Accessories Product 560,927.85,152.69,8
ORD-100561,2019-12-05,2019-12-07,West,USA,Technology,Accessories,Accessories Product 561,631.55,42.97,4
ORD-100562,2019-01-23,2019-01-24,South,India,Furniture,Tables,Tables Product 562,1891.88,293.16,3
ORD-100563,2019-09-17,2019-09-18,West,USA,Office Supplies,Paper,Paper Product 563,1735.81,160.66,1
ORD-100564,2019-04-26,2019-04-27,Central,India,Office Supplies,Paper,Paper Product 564,663.47,58.23,10
ORD-100565,2019-01-20,2019-01-23,South,USA,Office Supplies,Storage,Storage Product 565,614.39,141.68,4
ORD-100566,2020-01-01,2020-01-06,West,Canada,Furniture,Bookcases,Bookcases Product 566,1852.77,339.9,6
ORD-100567,2019-05-02,2019-05-07,South,India,Office Supplies,Binders,Binders Product 567,1752.33,148.14,8
ORD-100568,2019-09-30,2019-10-05,West,India,Furniture,Tables,Tables Product 568,199.92,46.13,2
ORD-100569,2019-09-01,2019-09-03,East,UK,Office Supplies,Binders,Binders Product 569,1726.69,176.66,1
ORD-100570,2019-05-25,2019-05-29,South,UK,Technology,Accessories,Accessories Product 570,1035.24,134.19,7
ORD-100571,2019-02-05,2019-02-07,East,India,Technology,Accessories,Accessories Product 571,858.37,142.69,4
ORD-100572,2019-03-30,2019-04-01,Central,USA,Technology,Accessories,Accessories Product 572,916.03,150.68,7
ORD-100573,2019-07-05,2019-07-06,East,UK,Technology,Phones,Phones Product 573,184.02,36.03,2
ORD-100574,2019-05-12,2019-05-17,East,UK,Furniture,Tables,Tables Product 574,1646.87,113.83,3
ORD-100575,2019-05-06,2019-05-08,Central,Canada,Technology,Phones,Phones Product 575,106.7,13.34,3
ORD-100576,2019-01-30,2019-02-01,West,USA,Furniture,Chairs,Chairs Product 576,1749.7,318.76,9
ORD-100577,2019-06-25,2019-06-26,East,UK,Office Supplies,Binders,Binders Product 577,591.83,76.95,4
ORD-100578,2019-11-01,2019-11-05,West,India,Office Supplies,Paper,Paper Product 578,726.14,132.56,4
ORD-100579,2019-08-12,2019-08-15,South,UK,Furniture,Tables,Tables Product 579,847.48,113.07,8
ORD-100580,2019-08-04,2019-08-08,West,Canada,Technology,Phones,Phones Product 580,1086.33,251.31,6
ORD-100581,2019-02-04,2019-02-05,Central,Canada,Technology,Phones,Phones Product 581,1728.12,371.79,8
ORD-100582,2019-01-04,2019-01-07,East,UK,Office Supplies,Binders,Binders Product 582,100.34,19.45,3
ORD-100583,2019-08-28,2019-08-30,East,Canada,Technology,Accessories,Accessories Product 583,467.95,112.66,7
ORD-100584,2019-05-29,2019-06-03,East,USA,Furniture,Tables,Tables Product 584,1216.61,162.53,3
ORD-100585,2019-11-11,2019-11-12,East,USA,Office Supplies,Storage,Storage Product 585,89.87,21.06,6
ORD-100586,2019-10-30,2019-11-04,West,Canada,Office Supplies,Storage,Storage Product 586,472.31,109.35,10
ORD-100587,2019-03-13,2019-03-17,South,USA,Furniture,Bookcases,Bookcases Product 587,1144.1,125.01,4
ORD-100588,2019-02-20,2019-02-23,South,USA,Technology,Laptops,Laptops Product 588,1717.69,419.37,3
ORD-100589,2019-02-15,2019-02-17,West,Canada,Furniture,Bookcases,Bookcases Product 589,1462.73,299.63,10
ORD-100590,2019-05-03,2019-05-07,South,Canada,Technology,Phones,Phones Product 590,1039.2,84.15,6
ORD-100591,2019-02-12,2019-02-17,South,India,Technology,Phones,Phones Product 591,444.15,42.59,8
ORD-100592,2019-08-20,2019-08-22,West,Canada,Furniture,Tables,Tables Product 592,637.2,66.86,6
ORD-100593,2019-12-28,2019-12-29,Central,India,Furniture,Bookcases,Bookcases Product 593,571.9,125.8,7
ORD-100594,2019-06-09,2019-06-14,Central,USA,Technology,Accessories,Accessories Product 594,1912.96,105.35,5
ORD-100595,2019-09-27,2019-10-02,South,Canada,Technology,Phones,Phones Product 595,196.46,27.68,2
ORD-100596,2019-04-12,2019-04-17,West,India,Technology,Phones,Phones Product 596,1007.23,106.21,9
ORD-100597,2019-05-01,2019-05-06,West,UK,Technology,Accessories,Accessories Product 597,1286.41,122.3,3
ORD-100598,2019-06-28,2019-06-29,West,UK,Office Supplies,Binders,Binders Product 598,371.54,71.59,1
ORD-100599,2019-10-26,2019-10-30,East,Canada,Furniture,Chairs,Chairs Product 599,620.14,83.57,8
ORD-100600,2019-06-11,2019-06-12,East,India,Furniture,Tables,Tables Product 600,1471.51,115.62,9
ORD-100601,2019-04-14,2019-04-18,South,India,Technology,Phones,Phones Product 601,1455.73,336.09,5
ORD-100602,2019-02-09,2019-02-10,East,USA,Furniture,Tables,Tables Product 602,1052.71,95.65,6
ORD-100603,2019-01-20,2019-01-25,Central,Canada,Furniture,Tables,Tables Product 603,823.38,112.22,3
ORD-100604,2019-02-06,2019-02-11,South,UK,Technology,Accessories,Accessories Product 604,1871.36,136.3,1
ORD-100605,2019-12-27,2019-12-29,West,India,Technology,Accessories,Accessories Product 605,287.2,48.77,6
ORD-100606,2019-08-05,2019-08-10,East,India,Technology,Laptops,Laptops Product 606,421.94,31.95,4
ORD-100607,2019-09-05,2019-09-09,East,UK,Office Supplies,Storage,Storage Product 607,999.94,52.12,6
ORD-100608,2019-05-04,2019-05-08,East,Canada,Technology,Accessories,Accessories Product 608,1081.66,139.49,2
ORD-100609,2019-07-24,2019-07-28,West,Canada,Furniture,Chairs,Chairs Product 609,766.8,51.86,10
ORD-100610,2019-03-01,2019-03-03,South,Canada,Office Supplies,Paper,Paper Product 610,1890.01,156.97,7
ORD-100611,2019-02-03,2019-02-08,South,UK,Furniture,Bookcases,Bookcases Product 611,992.95,201.16,9
ORD-100612,2019-08-26,2019-08-28,East,USA,Furniture,Bookcases,Bookcases Product 612,1646.23,199.48,9
ORD-100613,2019-03-19,2019-03-20,Central,Canada,Furniture,Tables,Tables Product 613,1099.38,257.43,2
ORD-100614,2019-03-31,2019-04-04,South,India,Technology,Accessories,Accessories Product 614,622.09,41.3,6
ORD-100615,2019-08-26,2019-08-31,Central,India,Furniture,Bookcases,Bookcases Product 615,509.49,125.21,6
ORD-100616,2019-07-02,2019-07-06,West,USA,Office Supplies,Storage,Storage Product 616,1073.51,119.29,4
ORD-100617,2019-02-10,2019-02-11,Central,India,Technology,Laptops,Laptops Product 617,1536.23,126.65,2
ORD-100618,2019-10-07,2019-10-09,South,Canada,Technology,Phones,Phones Product 618,1116.47,95.53,8
ORD-100619,2019-06-11,2019-06-16,Central,USA,Furniture,Chairs,Chairs Product 619,1433.15,149.22,6
ORD-100620,2019-12-11,2019-12-15,Central,USA,Office Supplies,Storage,Storage Product 620,453.39,23.35,8
ORD-100621,2019-12-12,2019-12-16,East,USA,Technology,Laptops,Laptops Product 621,1054.33,117.49,1
ORD-100622,2019-09-19,2019-09-20,West,Canada,Office Supplies,Binders,Binders Product 622,935.92,109.03,5
ORD-100623,2019-04-07,2019-04-08,West,Canada,Furniture,Tables,Tables Product 623,168.36,13.39,6
ORD-100624,2019-06-05,2019-06-09,East,UK,Furniture,Tables,Tables Product 624,1836.26,432.24,5
ORD-100625,2019-03-13,2019-03-17,West,Canada,Furniture,Tables,Tables Product 625,1352.15,167.8,6
ORD-100626,2019-05-06,2019-05-09,West,India,Office Supplies,Storage,Storage Product 626,476.84,74.36,2
ORD-100627,2019-10-28,2019-10-30,South,India,Office Supplies,Storage,Storage Product 627,515.2,105.58,3
ORD-100628,2019-02-10,2019-02-15,South,USA,Technology,Phones,Phones Product 628,1811.5,445.76,9
ORD-100629,2019-09-20,2019-09-22,Central,India,Office Supplies,Storage,Storage Product 629,1039.52,130.72,9
ORD-100630,2019-08-29,2019-09-03,East,UK,Furniture,Tables,Tables Product 630,1404.78,97.87,2
ORD-100631,2019-11-22,2019-11-24,South,USA,Technology,Laptops,Laptops Product 631,820.37,90.46,1
ORD-100632,2019-09-11,2019-09-14,East,India,Furniture,Chairs,Chairs Product 632,1862.68,449.06,6
ORD-100633,2019-07-24,2019-07-25,East,USA,Furniture,Chairs,Chairs Product 633,1801.08,357.29,4
ORD-100634,2019-11-28,2019-11-30,West,UK,Furniture,Tables,Tables Product 634,933.15,195.33,3
ORD-100635,2019-03-17,2019-03-22,Central,USA,Office Supplies,Storage,Storage Product 635,1612.85,269.33,8
ORD-100636,2019-03-11,2019-03-15,South,USA,Technology,Accessories,Accessories Product 636,1472.7,149.4,3
ORD-100637,2019-02-20,2019-02-21,South,UK,Furniture,Chairs,Chairs Product 637,1755.82,436.75,7
ORD-100638,2019-08-29,2019-09-02,East,Canada,Technology,Phones,Phones Product 638,259.72,31.57,3
ORD-100639,2019-01-05,2019-01-10,East,India,Furniture,Tables,Tables Product 639,1081.63,205.08,3
ORD-100640,2019-10-10,2019-10-14,West,UK,Office Supplies,Storage,Storage Product 640,771.12,86.31,9
ORD-100641,2019-08-06,2019-08-08,West,UK,Technology,Accessories,Accessories Product 641,829.59,47.41,6
ORD-100642,2019-05-01,2019-05-06,South,UK,Furniture,Tables,Tables Product 642,918.18,126.4,6
ORD-100643,2019-04-30,2019-05-02,South,Canada,Office Supplies,Binders,Binders Product 643,1895.2,186.84,7
ORD-100644,2019-01-26,2019-01-28,East,India,Furniture,Tables,Tables Product 644,520.21,113.6,7
ORD-100645,2019-03-31,2019-04-01,East,Canada,Technology,Phones,Phones Product 645,1650.21,167.8,8
ORD-100646,2019-11-22,2019-11-25,West,Canada,Office Supplies,Paper,Paper Product 646,427.77,26.0,5
ORD-100647,2019-07-01,2019-07-03,Central,USA,Furniture,Tables,Tables Product 647,109.52,24.48,2
ORD-100648,2019-03-24,2019-03-25,West,USA,Office Supplies,Binders,Binders Product 648,1311.78,241.52,6
ORD-100649,2019-11-05,2019-11-09,East,UK,Office Supplies,Paper,Paper Product 649,94.39,15.26,9
ORD-100650,2019-12-05,2019-12-10,Central,India,Office Supplies,Storage,Storage Product 650,171.99,19.51,5
ORD-100651,2019-11-14,2019-11-17,Central,UK,Furniture,Chairs,Chairs Product 651,1881.64,370.88,4
ORD-100652,2019-10-08,2019-10-09,East,India,Office Supplies,Storage,Storage Product 652,283.62,19.72,6
ORD-100653,2019-02-20,2019-02-25,South,India,Technology,Phones,Phones Product 653,670.42,113.01,1
ORD-100654,2019-07-21,2019-07-25,South,India,Furniture,Tables,Tables Product 654,324.86,62.1,1
ORD-100655,2019-08-29,2019-09-02,South,UK,Furniture,Bookcases,Bookcases Product 655,1608.29,153.66,8
ORD-100656,2019-03-16,2019-03-21,South,Canada,Furniture,Tables,Tables Product 656,88.16,18.02,7
ORD-100657,2019-08-22,2019-08-24,Central,USA,Technology,Laptops,Laptops Product 657,1791.55,308.36,2
ORD-100658,2019-12-09,2019-12-11,East,UK,Technology,Accessories,Accessories Product 658,1903.07,255.52,8
ORD-100659,2019-04-09,2019-04-12,East,India,Technology,Laptops,Laptops Product 659,624.4,80.23,6
ORD-100660,2019-11-01,2019-11-03,West,USA,Furniture,Tables,Tables Product 660,1033.38,70.66,6
ORD-100661,2019-09-21,2019-09-25,East,India,Office Supplies,Storage,Storage Product 661,1492.83,82.27,7
ORD-100662,2019-12-03,2019-12-06,South,India,Office Supplies,Paper,Paper Product 662,1820.49,305.75,8
ORD-100663,2019-08-15,2019-08-20,Central,India,Furniture,Chairs,Chairs Product 663,1216.52,144.95,8
ORD-100664,2019-12-31,2020-01-04,South,Canada,Furniture,Bookcases,Bookcases Product 664,1682.32,370.67,1
ORD-100665,2019-12-28,2020-01-02,Central,USA,Technology,Accessories,Accessories Product 665,591.68,55.57,4
ORD-100666,2019-05-03,2019-05-07,East,USA,Office Supplies,Binders,Binders Product 666,1787.08,353.92,3
ORD-100667,2019-12-06,2019-12-08,West,India,Office Supplies,Storage,Storage Product 667,195.0,40.25,4
ORD-100668,2019-01-02,2019-01-04,East,UK,Office Supplies,Storage,Storage Product 668,56.79,6.82,2
ORD-100669,2019-11-10,2019-11-13,East,UK,Furniture,Bookcases,Bookcases Product 669,1947.34,473.31,2
ORD-100670,2019-11-24,2019-11-27,Central,India,Technology,Accessories,Accessories Product 670,655.57,91.01,1
ORD-100671,2019-04-17,2019-04-22,West,Canada,Furniture,Tables,Tables Product 671,1926.69,119.82,3
ORD-100672,2019-11-29,2019-12-04,South,India,Technology,Accessories,Accessories Product 672,1007.14,246.29,7
ORD-100673,2019-11-25,2019-11-27,East,USA,Office Supplies,Paper,Paper Product 673,809.2,66.69,2
ORD-100674,2019-11-28,2019-11-29,South,UK,Office Supplies,Storage,Storage Product 674,420.97,42.41,9
ORD-100675,2019-06-16,2019-06-17,West,Canada,Furniture,Tables,Tables Product 675,954.91,57.12,8
ORD-100676,2019-07-31,2019-08-04,West,Canada,Technology,Phones,Phones Product 676,918.28,97.46,8
ORD-100677,2019-11-27,2019-12-01,South,Canada,Technology,Phones,Phones Product 677,1656.67,180.8,7
ORD-100678,2019-06-20,2019-06-24,Central,India,Furniture,Chairs,Chairs Product 678,1008.98,181.87,6
ORD-100679,2019-09-28,2019-10-03,West,India,Office Supplies,Binders,Binders Product 679,1709.53,236.04,1
ORD-100680,2019-10-16,2019-10-19,South,UK,Technology,Laptops,Laptops Product 680,957.25,101.79,3
ORD-100681,2019-01-16,2019-01-20,South,USA,Office Supplies,Binders,Binders Product 681,221.96,34.31,10
ORD-100682,2019-07-02,2019-07-06,South,India,Office Supplies,Paper,Paper Product 682,1079.74,261.04,1
ORD-100683,2019-09-15,2019-09-18,West,USA,Office Supplies,Binders,Binders Product 683,1411.63,282.74,2
ORD-100684,2019-02-23,2019-02-25,South,Canada,Technology,Accessories,Accessories Product 684,1593.12,201.41,5
ORD-100685,2019-09-09,2019-09-10,East,UK,Technology,Accessories,Accessories Product 685,1311.85,104.94,10
ORD-100686,2019-04-05,2019-04-07,South,Canada,Office Supplies,Storage,Storage Product 686,1545.16,145.57,9
ORD-100687,2019-02-16,2019-02-21,East,UK,Technology,Accessories,Accessories Product 687,171.87,14.13,5
ORD-100688,2019-05-11,2019-05-13,East,UK,Furniture,Chairs,Chairs Product 688,528.37,67.63,3
ORD-100689,2019-02-03,2019-02-05,South,India,Technology,Accessories,Accessories Product 689,192.55,28.99,7
ORD-100690,2019-02-13,2019-02-17,South,USA,Technology,Phones,Phones Product 690,746.48,50.29,6
ORD-100691,2019-08-03,2019-08-08,East,USA,Technology,Phones,Phones Product 691,1475.74,244.17,10
ORD-100692,2019-07-11,2019-07-16,East,India,Technology,Phones,Phones Product 692,1070.2,161.68,3
ORD-100693,2019-12-15,2019-12-17,West,USA,Furniture,Bookcases,Bookcases Product 693,60.18,11.63,2
ORD-100694,2019-05-29,2019-05-30,South,India,Furniture,Bookcases,Bookcases Product 694,498.65,41.12,6
ORD-100695,2019-05-27,2019-05-31,East,India,Office Supplies,Storage,Storage Product 695,955.06,194.67,4
ORD-100696,2019-10-21,2019-10-26,East,USA,Technology,Laptops,Laptops Product 696,451.37,86.16,7
ORD-100697,2019-06-25,2019-06-30,East,USA,Furniture,Tables,Tables Product 697,600.6,40.5,7
ORD-100698,2019-04-18,2019-04-20,South,UK,Technology,Laptops,Laptops Product 698,1538.13,297.11,2
ORD-100699,2019-08-30,2019-09-04,Central,UK,Furniture,Tables,Tables Product 699,495.6,82.05,5
ORD-100700,2019-11-03,2019-11-04,South,Canada,Office Supplies,Binders,Binders Product 700,1526.52,200.56,10
ORD-100701,2019-11-23,2019-11-24,West,India,Office Supplies,Paper,Paper Product 701,1517.36,130.89,10
ORD-100702,2019-04-24,2019-04-27,South,India,Furniture,Tables,Tables Product 702,1867.88,445.92,3
ORD-100703,2019-11-03,2019-11-04,West,Canada,Office Supplies,Paper,Paper Product 703,1682.58,306.49,2
ORD-100704,2019-09-15,2019-09-17,West,USA,Technology,Phones,Phones Product 704,241.39,35.46,2
ORD-100705,2019-06-26,2019-06-30,Central,UK,Office Supplies,Binders,Binders Product 705,734.7,151.4,5
ORD-100706,2019-07-21,2019-07-22,Central,USA,Furniture,Bookcases,Bookcases Product 706,812.47,183.96,8
ORD-100707,2019-07-21,2019-07-23,Central,USA,Furniture,Bookcases,Bookcases Product 707,317.98,65.57,1
ORD-100708,2019-06-10,2019-06-11,Central,India,Technology,Accessories,Accessories Product 708,99.49,23.25,9
ORD-100709,2019-10-11,2019-10-14,East,UK,Technology,Phones,Phones Product 709,104.23,19.94,7
ORD-100710,2019-11-07,2019-11-11,South,USA,Furniture,Tables,Tables Product 710,1706.68,247.26,10
ORD-100711,2019-11-07,2019-11-09,West,India,Furniture,Chairs,Chairs Product 711,841.84,156.38,10
ORD-100712,2019-11-02,2019-11-07,East,India,Furniture,Bookcases,Bookcases Product 712,266.01,25.72,3
ORD-100713,2019-08-21,2019-08-24,South,UK,Office Supplies,Binders,Binders Product 713,330.78,55.86,8
ORD-100714,2019-07-14,2019-07-15,South,USA,Office Supplies,Paper,Paper Product 714,1078.38,201.29,3
ORD-100715,2019-06-20,2019-06-21,Central,Canada,Furniture,Tables,Tables Product 715,1151.57,199.35,5
ORD-100716,2019-04-28,2019-04-29,West,Canada,Technology,Laptops,Laptops Product 716,583.36,118.78,9
ORD-100717,2019-06-15,2019-06-18,West,UK,Technology,Phones,Phones Product 717,1387.13,262.99,2
ORD-100718,2019-03-02,2019-03-03,Central,USA,Technology,Laptops,Laptops Product 718,1536.12,236.12,10
ORD-100719,2019-08-02,2019-08-03,Central,India,Furniture,Chairs,Chairs Product 719,480.67,85.17,7
ORD-100720,2019-07-27,2019-07-30,Central,USA,Technology,Phones,Phones Product 720,140.88,27.32,3
ORD-100721,2019-01-05,2019-01-09,Central,Canada,Technology,Phones,Phones Product 721,1179.89,96.9,5
ORD-100722,2019-05-25,2019-05-29,East,India,Furniture,Tables,Tables Product 722,1164.79,240.09,9
ORD-100723,2019-01-15,2019-01-17,Central,UK,Technology,Phones,Phones Product 723,170.56,40.7,9
ORD-100724,2019-04-21,2019-04-26,West,India,Office Supplies,Storage,Storage Product 724,763.57,113.86,8
ORD-100725,2019-03-27,2019-03-29,Central,USA,Furniture,Bookcases,Bookcases Product 725,1036.53,241.44,5
ORD-100726,2019-11-14,2019-11-15,West,Canada,Technology,Accessories,Accessories Product 726,367.18,43.89,5
ORD-100727,2019-11-25,2019-11-29,East,India,Office Supplies,Paper,Paper Product 727,1578.39,253.09,2
ORD-100728,2019-02-13,2019-02-15,East,UK,Office Supplies,Paper,Paper Product 728,1138.96,77.88,7
ORD-100729,2019-05-23,2019-05-27,South,India,Furniture,Bookcases,Bookcases Product 729,868.63,91.06,6
ORD-100730,2019-03-03,2019-03-05,South,Canada,Furniture,Bookcases,Bookcases Product 730,1175.82,126.08,9
ORD-100731,2019-03-22,2019-03-27,West,India,Office Supplies,Paper,Paper Product 731,305.94,45.08,7
ORD-100732,2019-07-03,2019-07-05,Central,India,Technology,Laptops,Laptops Product 732,285.3,33.36,5
ORD-100733,2019-02-17,2019-02-18,Central,India,Office Supplies,Paper,Paper Product 733,1615.88,385.49,8
ORD-100734,2019-01-10,2019-01-14,Central,Canada,Technology,Laptops,Laptops Product 734,1690.28,377.72,2
ORD-100735,2019-05-18,2019-05-22,East,UK,Office Supplies,Binders,Binders Product 735,677.39,77.38,8
ORD-100736,2019-02-07,2019-02-10,West,Canada,Technology,Laptops,Laptops Product 736,405.22,74.91,8
ORD-100737,2019-07-10,2019-07-13,South,Canada,Technology,Accessories,Accessories Product 737,206.55,43.25,3
ORD-100738,2019-07-08,2019-07-13,South,India,Technology,Laptops,Laptops Product 738,1705.09,343.95,3
ORD-100739,2019-06-12,2019-06-17,South,UK,Office Supplies,Paper,Paper Product 739,1039.72,121.97,4
ORD-100740,2019-03-06,2019-03-11,East,USA,Furniture,Bookcases,Bookcases Product 740,1412.17,216.37,7
ORD-100741,2019-12-09,2019-12-12,East,Canada,Office Supplies,Storage,Storage Product 741,1374.6,232.24,7
ORD-100742,2019-01-02,2019-01-04,South,UK,Technology,Accessories,Accessories Product 742,1426.43,190.38,2
ORD-100743,2019-01-10,2019-01-11,South,UK,Furniture,Tables,Tables Product 743,831.38,91.3,1
ORD-100744,2019-11-08,2019-11-12,West,USA,Technology,Phones,Phones Product 744,1542.92,190.91,3
ORD-100745,2019-03-18,2019-03-19,West,UK,Furniture,Bookcases,Bookcases Product 745,1589.75,349.57,3
ORD-100746,2019-09-17,2019-09-18,West,India,Technology,Laptops,Laptops Product 746,1270.61,69.39,2
ORD-100747,2019-02-14,2019-02-15,East,Canada,Technology,Phones,Phones Product 747,1324.2,102.01,10
ORD-100748,2019-08-30,2019-09-04,Central,USA,Office Supplies,Paper,Paper Product 748,68.77,5.57,4
ORD-100749,2019-09-06,2019-09-11,South,UK,Office Supplies,Storage,Storage Product 749,210.89,25.03,5
ORD-100750,2019-08-12,2019-08-15,East,USA,Office Supplies,Storage,Storage Product 750,386.18,40.26,7
ORD-100751,2019-11-23,2019-11-25,West,India,Office Supplies,Binders,Binders Product 751,198.21,18.88,1
ORD-100752,2019-05-12,2019-05-17,West,USA,Furniture,Chairs,Chairs Product 752,1387.83,292.3,9
ORD-100753,2019-12-18,2019-12-21,South,Canada,Furniture,Chairs,Chairs Product 753,1444.17,310.48,5
ORD-100754,2019-01-26,2019-01-30,South,UK,Office Supplies,Binders,Binders Product 754,1143.15,88.79,1
ORD-100755,2019-05-13,2019-05-18,West,UK,Technology,Accessories,Accessories Product 755,158.86,28.99,9
ORD-100756,2019-02-26,2019-03-01,South,UK,Office Supplies,Binders,Binders Product 756,1004.5,210.51,7
ORD-100757,2019-02-26,2019-02-28,South,UK,Technology,Accessories,Accessories Product 757,219.77,30.74,10
ORD-100758,2019-01-19,2019-01-22,East,India,Furniture,Chairs,Chairs Product 758,889.53,89.87,2
ORD-100759,2019-01-06,2019-01-08,West,UK,Furniture,Bookcases,Bookcases Product 759,1203.27,131.84,7
ORD-100760,2019-03-19,2019-03-23,South,USA,Office Supplies,Storage,Storage Product 760,306.13,54.16,5
ORD-100761,2019-12-30,2020-01-03,Central,UK,Office Supplies,Storage,Storage Product 761,1109.47,107.91,8
ORD-100762,2019-07-01,2019-07-04,South,UK,Technology,Accessories,Accessories Product 762,200.2,26.14,3
ORD-100763,2019-10-26,2019-10-28,East,Canada,Technology,Accessories,Accessories Product 763,1289.26,222.01,2
ORD-100764,2019-01-13,2019-01-15,West,UK,Furniture,Tables,Tables Product 764,408.39,69.47,4
ORD-100765,2019-11-14,2019-11-18,Central,USA,Office Supplies,Paper,Paper Product 765,1484.84,247.56,1
ORD-100766,2019-08-15,2019-08-18,East,Canada,Office Supplies,Paper,Paper Product 766,57.3,5.1,8
ORD-100767,2019-04-13,2019-04-18,West,USA,Furniture,Chairs,Chairs Product 767,604.67,90.9,8
ORD-100768,2019-02-27,2019-02-28,South,India,Furniture,Tables,Tables Product 768,265.56,25.57,7
ORD-100769,2019-12-05,2019-12-10,South,USA,Technology,Accessories,Accessories Product 769,1395.86,235.78,5
ORD-100770,2019-11-12,2019-11-16,Central,Canada,Technology,Accessories,Accessories Product 770,1443.79,201.66,1
ORD-100771,2019-01-05,2019-01-10,East,UK,Furniture,Tables,Tables Product 771,428.02,79.64,8
ORD-100772,2019-06-15,2019-06-16,South,USA,Technology,Accessories,Accessories Product 772,1209.95,68.33,9
ORD-100773,2019-04-12,2019-04-15,Central,USA,Furniture,Bookcases,Bookcases Product 773,1685.19,283.67,8
ORD-100774,2019-11-25,2019-11-30,East,UK,Office Supplies,Binders,Binders Product 774,847.47,85.22,1
ORD-100775,2019-06-17,2019-06-21,West,USA,Office Supplies,Paper,Paper Product 775,83.36,9.67,5
ORD-100776,2019-07-05,2019-07-09,West,USA,Office Supplies,Paper,Paper Product 776,431.08,36.62,10
ORD-100777,2019-01-30,2019-02-04,East,USA,Furniture,Chairs,Chairs Product 777,1746.81,202.01,4
ORD-100778,2019-12-15,2019-12-16,West,USA,Technology,Accessories,Accessories Product 778,1160.19,100.47,7
ORD-100779,2019-01-16,2019-01-20,South,India,Technology,Phones,Phones Product 779,600.5,81.97,2
ORD-100780,2019-11-02,2019-11-04,South,Canada,Office Supplies,Paper,Paper Product 780,612.38,125.5,10
ORD-100781,2019-09-30,2019-10-04,Central,India,Office Supplies,Paper,Paper Product 781,759.0,186.81,7
ORD-100782,2019-01-14,2019-01-17,South,Canada,Technology,Accessories,Accessories Product 782,155.95,16.96,9
ORD-100783,2019-10-13,2019-10-18,East,USA,Technology,Laptops,Laptops Product 783,1909.86,363.76,8
ORD-100784,2019-05-28,2019-05-31,Central,UK,Technology,Laptops,Laptops Product 784,1256.18,233.79,2
ORD-100785,2019-07-06,2019-07-09,East,Canada,Office Supplies,Storage,Storage Product 785,938.7,212.46,10
ORD-100786,2019-12-11,2019-12-12,Central,USA,Furniture,Tables,Tables Product 786,1455.01,249.47,4
ORD-100787,2019-01-15,2019-01-16,Central,UK,Furniture,Tables,Tables Product 787,1551.24,168.48,9
ORD-100788,2019-06-24,2019-06-28,Central,Canada,Technology,Accessories,Accessories Product 788,1393.97,293.03,3
ORD-100789,2019-04-25,2019-04-29,South,UK,Furniture,Tables,Tables Product 789,1733.95,352.44,10
ORD-100790,2019-02-15,2019-02-19,West,USA,Technology,Accessories,Accessories Product 790,85.4,19.27,8
ORD-100791,2019-07-03,2019-07-08,Central,USA,Technology,Phones,Phones Product 791,965.06,116.83,6
ORD-100792,2019-10-23,2019-10-25,East,USA,Technology,Phones,Phones Product 792,70.84,6.31,2
ORD-100793,2019-03-14,2019-03-19,East,UK,Office Supplies,Storage,Storage Product 793,1075.69,78.66,8
ORD-100794,2019-03-08,2019-03-09,South,India,Furniture,Bookcases,Bookcases Product 794,1698.89,303.25,4
ORD-100795,2019-07-30,2019-08-01,East,India,Furniture,Chairs,Chairs Product 795,1542.87,121.62,1
ORD-100796,2019-07-03,2019-07-07,West,India,Furniture,Tables,Tables Product 796,1622.67,321.55,7
ORD-100797,2019-10-03,2019-10-08,West,UK,Furniture,Tables,Tables Product 797,1326.53,123.68,6
ORD-100798,2019-11-03,2019-11-07,South,India,Office Supplies,Paper,Paper Product 798,290.41,72.02,5
ORD-100799,2019-01-18,2019-01-21,South,USA,Furniture,Bookcases,Bookcases Product 799,389.23,54.0,1
ORD-100800,2019-04-25,2019-04-28,Central,Canada,Furniture,Chairs,Chairs Product 800,1759.33,191.32,8
ORD-100801,2019-01-21,2019-01-26,East,Canada,Furniture,Tables,Tables Product 801,1791.48,240.89,6
ORD-100802,2019-06-06,2019-06-08,East,UK,Furniture,Bookcases,Bookcases Product 802,1507.08,156.73,5
ORD-100803,2019-09-30,2019-10-04,West,UK,Technology,Phones,Phones Product 803,336.36,17.98,9
ORD-100804,2019-05-16,2019-05-19,West,UK,Furniture,Tables,Tables Product 804,259.3,22.96,5
ORD-100805,2019-09-10,2019-09-15,Central,UK,Technology,Phones,Phones Product 805,718.5,58.45,9
ORD-100806,2019-09-22,2019-09-25,South,India,Office Supplies,Storage,Storage Product 806,1216.97,83.5,9
ORD-100807,2019-01-02,2019-01-05,Central,India,Office Supplies,Binders,Binders Product 807,397.93,59.47,6
ORD-100808,2019-07-09,2019-07-13,South,UK,Office Supplies,Paper,Paper Product 808,829.14,112.03,3
ORD-100809,2019-10-11,2019-10-14,East,UK,Furniture,Bookcases,Bookcases Product 809,967.0,51.63,5
ORD-100810,2019-01-08,2019-01-11,Central,UK,Office Supplies,Storage,Storage Product 810,733.75,141.56,10
ORD-100811,2019-03-31,2019-04-05,Central,India,Office Supplies,Binders,Binders Product 811,1543.71,303.14,5
ORD-100812,2019-10-01,2019-10-03,West,Canada,Office Supplies,Storage,Storage Product 812,1120.52,123.33,9
ORD-100813,2019-09-22,2019-09-25,Central,India,Office Supplies,Storage,Storage Product 813,1181.14,244.19,7
ORD-100814,2019-03-11,2019-03-13,Central,India,Technology,Accessories,Accessories Product 814,1669.85,312.56,6
ORD-100815,2019-09-12,2019-09-14,West,USA,Technology,Laptops,Laptops Product 815,1694.45,400.03,5
ORD-100816,2019-04-05,2019-04-09,East,USA,Furniture,Chairs,Chairs Product 816,1991.22,484.42,7
ORD-100817,2019-04-02,2019-04-04,Central,India,Furniture,Bookcases,Bookcases Product 817,1305.18,167.98,5
ORD-100818,2019-08-13,2019-08-16,East,USA,Furniture,Chairs,Chairs Product 818,1306.25,220.51,8
ORD-100819,2019-12-16,2019-12-21,South,Canada,Office Supplies,Paper,Paper Product 819,1812.9,373.83,1
ORD-100820,2019-01-08,2019-01-12,East,UK,Furniture,Bookcases,Bookcases Product 820,661.82,165.19,2
ORD-100821,2019-03-30,2019-04-04,Central,India,Technology,Laptops,Laptops Product 821,1341.35,205.84,5
ORD-100822,2019-02-12,2019-02-15,East,USA,Office Supplies,Paper,Paper Product 822,498.94,49.63,9
ORD-100823,2019-06-25,2019-06-28,Central,India,Furniture,Bookcases,Bookcases Product 823,1779.18,131.39,9
ORD-100824,2019-04-20,2019-04-25,West,India,Furniture,Chairs,Chairs Product 824,414.11,72.73,7
ORD-100825,2019-01-19,2019-01-22,Central,India,Office Supplies,Storage,Storage Product 825,307.63,24.62,3
ORD-100826,2019-10-17,2019-10-22,West,USA,Furniture,Chairs,Chairs Product 826,1060.64,131.3,2
ORD-100827,2019-01-03,2019-01-07,Central,USA,Furniture,Tables,Tables Product 827,310.25,53.21,9
ORD-100828,2019-12-14,2019-12-17,South,Canada,Technology,Accessories,Accessories Product 828,273.22,13.67,3
ORD-100829,2019-05-17,2019-05-22,South,USA,Technology,Phones,Phones Product 829,470.15,92.96,6
ORD-100830,2019-03-10,2019-03-13,Central,Canada,Furniture,Chairs,Chairs Product 830,653.45,83.54,6
ORD-100831,2019-06-24,2019-06-26,West,USA,Office Supplies,Storage,Storage Product 831,121.91,19.21,3
ORD-100832,2019-01-07,2019-01-09,Central,Canada,Technology,Laptops,Laptops Product 832,826.15,118.07,10
ORD-100833,2019-04-24,2019-04-26,East,USA,Office Supplies,Binders,Binders Product 833,199.87,15.61,4
ORD-100834,2019-04-07,2019-04-09,West,USA,Technology,Accessories,Accessories Product 834,819.02,132.59,8
ORD-100835,2019-09-10,2019-09-14,Central,USA,Furniture,Tables,Tables Product 835,669.2,90.52,1
ORD-100836,2019-09-18,2019-09-23,West,Canada,Furniture,Chairs,Chairs Product 836,404.53,46.63,9
ORD-100837,2019-11-22,2019-11-23,East,UK,Office Supplies,Storage,Storage Product 837,1315.73,246.74,10
ORD-100838,2019-06-13,2019-06-17,West,UK,Office Supplies,Paper,Paper Product 838,1823.97,156.53,7
ORD-100839,2019-07-16,2019-07-20,Central,USA,Office Supplies,Storage,Storage Product 839,822.57,189.44,7
ORD-100840,2019-02-07,2019-02-12,Central,USA,Technology,Accessories,Accessories Product 840,899.61,146.84,10
ORD-100841,2019-07-28,2019-08-02,Central,USA,Technology,Accessories,Accessories Product 841,1409.97,132.65,3
ORD-100842,2019-01-10,2019-01-15,East,UK,Technology,Accessories,Accessories Product 842,1452.51,180.31,9
ORD-100843,2019-11-22,2019-11-27,Central,India,Technology,Phones,Phones Product 843,217.5,26.22,2
ORD-100844,2019-12-25,2019-12-26,West,Canada,Technology,Phones,Phones Product 844,508.25,76.39,5
ORD-100845,2019-05-14,2019-05-19,East,Canada,Furniture,Bookcases,Bookcases Product 845,1288.69,107.96,3
ORD-100846,2019-02-23,2019-02-25,East,Canada,Furniture,Chairs,Chairs Product 846,1413.29,293.89,8
ORD-100847,2019-03-04,2019-03-07,Central,Canada,Office Supplies,Storage,Storage Product 847,1300.5,302.04,3
ORD-100848,2019-12-25,2019-12-29,East,UK,Furniture,Tables,Tables Product 848,593.91,76.49,10
ORD-100849,2019-11-16,2019-11-20,Central,Canada,Office Supplies,Storage,Storage Product 849,332.11,19.69,1
ORD-100850,2019-08-13,2019-08-14,East,Canada,Technology,Laptops,Laptops Product 850,1290.32,270.46,3
ORD-100851,2019-01-27,2019-01-28,East,Canada,Technology,Phones,Phones Product 851,55.96,13.9,1
ORD-100852,2019-06-10,2019-06-11,Central,USA,Office Supplies,Paper,Paper Product 852,737.56,180.69,10
ORD-100853,2019-05-09,2019-05-14,South,Canada,Furniture,Chairs,Chairs Product 853,1528.77,118.33,1
ORD-100854,2019-05-31,2019-06-03,South,UK,Furniture,Tables,Tables Product 854,381.43,34.44,6
ORD-100855,2019-05-19,2019-05-21,West,Canada,Technology,Phones,Phones Product 855,1509.39,292.92,6
ORD-100856,2019-10-15,2019-10-16,Central,India,Technology,Phones,Phones Product 856,1466.3,142.16,6
ORD-100857,2019-12-19,2019-12-23,Central,USA,Furniture,Chairs,Chairs Product 857,1169.97,181.59,6
ORD-100858,2019-03-19,2019-03-23,East,USA,Office Supplies,Paper,Paper Product 858,529.03,110.49,3
ORD-100859,2019-05-14,2019-05-16,West,UK,Technology,Laptops,Laptops Product 859,1672.88,229.74,3
ORD-100860,2019-08-17,2019-08-22,Central,UK,Technology,Phones,Phones Product 860,1850.12,418.76,5
ORD-100861,2019-12-07,2019-12-09,South,UK,Office Supplies,Binders,Binders Product 861,1666.71,121.98,6
ORD-100862,2019-11-10,2019-11-12,West,India,Technology,Phones,Phones Product 862,1380.79,184.87,7
ORD-100863,2019-01-15,2019-01-17,West,India,Technology,Laptops,Laptops Product 863,612.7,71.99,5
ORD-100864,2019-03-09,2019-03-13,East,UK,Office Supplies,Storage,Storage Product 864,675.82,149.54,2
ORD-100865,2019-07-11,2019-07-12,Central,Canada,Office Supplies,Binders,Binders Product 865,659.67,40.63,6
ORD-100866,2019-05-12,2019-05-14,West,Canada,Furniture,Bookcases,Bookcases Product 866,1861.68,442.73,6
ORD-100867,2019-02-14,2019-02-16,Central,India,Technology,Accessories,Accessories Product 867,1304.38,115.96,2
ORD-100868,2019-06-25,2019-06-29,West,UK,Technology,Accessories,Accessories Product 868,1228.4,298.48,8
ORD-100869,2019-12-31,2020-01-04,Central,UK,Technology,Phones,Phones Product 869,1188.67,245.97,7
ORD-100870,2019-10-29,2019-11-01,West,Canada,Office Supplies,Paper,Paper Product 870,1554.93,229.18,1
ORD-100871,2019-11-30,2019-12-04,East,Canada,Furniture,Chairs,Chairs Product 871,1984.19,301.52,8
ORD-100872,2019-11-24,2019-11-26,West,Canada,Furniture,Bookcases,Bookcases Product 872,1150.63,251.02,4
ORD-100873,2019-01-23,2019-01-28,Central,UK,Office Supplies,Paper,Paper Product 873,1380.13,173.72,2
ORD-100874,2019-02-14,2019-02-16,East,UK,Furniture,Bookcases,Bookcases Product 874,1512.98,91.55,9
ORD-100875,2019-08-14,2019-08-17,Central,UK,Office Supplies,Binders,Binders Product 875,1357.51,210.81,10
ORD-100876,2019-01-28,2019-01-31,South,UK,Technology,Accessories,Accessories Product 876,1515.13,323.72,1
ORD-100877,2019-11-03,2019-11-08,West,India,Office Supplies,Paper,Paper Product 877,287.0,66.91,2
ORD-100878,2019-10-31,2019-11-03,East,USA,Technology,Accessories,Accessories Product 878,256.79,16.12,7
ORD-100879,2019-12-11,2019-12-13,Central,USA,Technology,Laptops,Laptops Product 879,1153.8,171.96,5
ORD-100880,2019-07-26,2019-07-31,East,Canada,Office Supplies,Paper,Paper Product 880,1123.75,130.15,4
ORD-100881,2019-04-01,2019-04-04,Central,UK,Office Supplies,Storage,Storage Product 881,1267.6,309.13,3
ORD-100882,2019-08-10,2019-08-15,Central,UK,Technology,Accessories,Accessories Product 882,563.85,84.02,7
ORD-100883,2019-02-02,2019-02-03,West,UK,Technology,Phones,Phones Product 883,892.52,162.32,5
ORD-100884,2019-02-17,2019-02-18,East,India,Furniture,Tables,Tables Product 884,892.32,157.07,10
ORD-100885,2019-06-13,2019-06-17,Central,USA,Office Supplies,Storage,Storage Product 885,1265.3,249.55,2
ORD-100886,2019-12-06,2019-12-10,East,UK,Office Supplies,Paper,Paper Product 886,237.58,44.78,5
ORD-100887,2019-11-09,2019-11-10,Central,India,Furniture,Bookcases,Bookcases Product 887,721.86,109.55,4
ORD-100888,2019-06-15,2019-06-20,West,USA,Office Supplies,Paper,Paper Product 888,614.06,104.27,6
ORD-100889,2019-06-17,2019-06-18,East,India,Furniture,Tables,Tables Product 889,278.86,39.81,9
ORD-100890,2019-05-27,2019-05-28,West,USA,Furniture,Chairs,Chairs Product 890,539.16,98.15,5
ORD-100891,2019-05-06,2019-05-09,West,Canada,Technology,Laptops,Laptops Product 891,862.89,121.11,4
ORD-100892,2019-04-24,2019-04-29,Central,USA,Office Supplies,Storage,Storage Product 892,1692.86,229.45,8
ORD-100893,2019-07-03,2019-07-05,West,UK,Furniture,Tables,Tables Product 893,938.56,154.69,9
ORD-100894,2019-03-21,2019-03-26,West,USA,Technology,Laptops,Laptops Product 894,1229.75,306.46,7
ORD-100895,2019-03-12,2019-03-13,Central,USA,Furniture,Tables,Tables Product 895,851.78,111.49,1
ORD-100896,2019-10-05,2019-10-10,East,Canada,Furniture,Tables,Tables Product 896,1806.58,377.53,10
ORD-100897,2019-05-13,2019-05-14,South,India,Furniture,Tables,Tables Product 897,1154.18,115.2,3
ORD-100898,2019-07-09,2019-07-11,Central,USA,Technology,Laptops,Laptops Product 898,943.6,207.06,9
ORD-100899,2019-05-10,2019-05-12,East,USA,Office Supplies,Paper,Paper Product 899,314.6,46.94,6
ORD-100900,2019-04-12,2019-04-17,South,Canada,Office Supplies,Paper,Paper Product 900,710.0,71.75,9
ORD-100901,2019-08-13,2019-08-17,South,UK,Office Supplies,Binders,Binders Product 901,1374.26,283.54,8
ORD-100902,2019-05-02,2019-05-04,South,USA,Furniture,Tables,Tables Product 902,1382.52,333.16,4
ORD-100903,2019-03-17,2019-03-22,Central,UK,Technology,Accessories,Accessories Product 903,822.84,175.35,5
ORD-100904,2019-10-01,2019-10-04,Central,India,Office Supplies,Storage,Storage Product 904,1504.83,309.77,3
ORD-100905,2019-06-17,2019-06-20,East,UK,Furniture,Bookcases,Bookcases Product 905,1709.34,338.09,10
ORD-100906,2019-08-01,2019-08-04,Central,India,Technology,Accessories,Accessories Product 906,460.34,61.92,2
ORD-100907,2019-09-07,2019-09-09,West,UK,Technology,Laptops,Laptops Product 907,926.71,124.52,9
ORD-100908,2019-12-07,2019-12-08,East,USA,Office Supplies,Paper,Paper Product 908,113.65,26.99,1
ORD-100909,2019-02-08,2019-02-11,Central,UK,Technology,Laptops,Laptops Product 909,1125.43,187.92,4
ORD-100910,2019-12-01,2019-12-04,South,India,Office Supplies,Binders,Binders Product 910,1550.62,120.53,2
ORD-100911,2019-07-16,2019-07-18,South,UK,Technology,Laptops,Laptops Product 911,809.54,65.11,1
ORD-100912,2019-05-24,2019-05-28,East,India,Office Supplies,Storage,Storage Product 912,821.71,138.79,5
ORD-100913,2019-05-08,2019-05-09,South,India,Technology,Phones,Phones Product 913,1949.39,389.76,1
ORD-100914,2019-07-26,2019-07-31,South,Canada,Office Supplies,Storage,Storage Product 914,52.1,6.27,6
ORD-100915,2019-04-13,2019-04-18,East,India,Office Supplies,Paper,Paper Product 915,783.79,65.89,8
ORD-100916,2019-09-24,2019-09-26,West,USA,Technology,Accessories,Accessories Product 916,1698.66,350.46,10
ORD-100917,2019-03-19,2019-03-22,Central,India,Furniture,Chairs,Chairs Product 917,1336.0,179.93,6
ORD-100918,2019-04-08,2019-04-10,Central,Canada,Furniture,Bookcases,Bookcases Product 918,1889.32,276.7,7
ORD-100919,2019-04-01,2019-04-03,East,UK,Furniture,Bookcases,Bookcases Product 919,829.61,194.76,3
ORD-100920,2019-12-06,2019-12-11,Central,UK,Furniture,Bookcases,Bookcases Product 920,1629.93,190.44,3
ORD-100921,2019-01-13,2019-01-18,Central,USA,Office Supplies,Binders,Binders Product 921,837.56,155.25,1
ORD-100922,2019-06-23,2019-06-25,West,UK,Technology,Laptops,Laptops Product 922,1232.35,72.57,1
ORD-100923,2019-10-08,2019-10-11,West,Canada,Office Supplies,Binders,Binders Product 923,308.28,73.47,8
ORD-100924,2019-11-10,2019-11-15,South,UK,Office Supplies,Paper,Paper Product 924,591.55,100.99,3
ORD-100925,2019-04-23,2019-04-25,East,USA,Furniture,Tables,Tables Product 925,1107.3,151.05,1
ORD-100926,2019-07-15,2019-07-18,South,India,Technology,Accessories,Accessories Product 926,1158.5,230.28,10
ORD-100927,2019-07-20,2019-07-22,South,USA,Office Supplies,Paper,Paper Product 927,680.51,149.9,8
ORD-100928,2019-10-31,2019-11-02,East,USA,Office Supplies,Binders,Binders Product 928,504.27,117.74,5
ORD-100929,2019-04-18,2019-04-23,Central,UK,Technology,Phones,Phones Product 929,1595.51,183.81,6
ORD-100930,2019-12-29,2020-01-03,West,UK,Office Supplies,Paper,Paper Product 930,1824.65,183.32,1
ORD-100931,2019-03-01,2019-03-03,West,Canada,Furniture,Bookcases,Bookcases Product 931,1707.05,395.22,5
ORD-100932,2019-10-11,2019-10-13,Central,India,Office Supplies,Binders,Binders Product 932,931.2,172.66,8
ORD-100933,2019-07-18,2019-07-19,South,India,Office Supplies,Storage,Storage Product 933,439.89,31.71,4
ORD-100934,2019-03-26,2019-03-29,East,India,Technology,Accessories,Accessories Product 934,1808.1,359.2,2
ORD-100935,2019-02-04,2019-02-09,Central,Canada,Technology,Laptops,Laptops Product 935,1489.98,259.93,1
ORD-100936,2019-08-02,2019-08-04,East,India,Furniture,Chairs,Chairs Product 936,1428.37,177.33,1
ORD-100937,2019-04-22,2019-04-25,Central,UK,Furniture,Tables,Tables Product 937,1027.84,184.71,1
ORD-100938,2019-11-08,2019-11-12,South,India,Office Supplies,Storage,Storage Product 938,799.42,151.56,1
ORD-100939,2019-01-14,2019-01-16,East,USA,Office Supplies,Paper,Paper Product 939,1139.12,142.15,6
ORD-100940,2019-12-14,2019-12-15,South,UK,Office Supplies,Storage,Storage Product 940,818.55,104.48,1
ORD-100941,2019-01-17,2019-01-22,East,USA,Technology,Phones,Phones Product 941,418.9,49.75,2
ORD-100942,2019-01-04,2019-01-05,South,UK,Technology,Laptops,Laptops Product 942,553.2,110.47,6
ORD-100943,2019-04-24,2019-04-28,West,UK,Technology,Laptops,Laptops Product 943,460.36,44.69,1
ORD-100944,2019-04-20,2019-04-21,East,UK,Furniture,Tables,Tables Product 944,1948.38,316.33,9
ORD-100945,2019-08-27,2019-08-30,West,USA,Office Supplies,Paper,Paper Product 945,187.82,44.14,10
ORD-100946,2019-02-02,2019-02-03,West,Canada,Technology,Laptops,Laptops Product 946,1704.42,213.93,2
ORD-100947,2019-02-13,2019-02-14,East,UK,Furniture,Tables,Tables Product 947,1060.42,140.37,6
ORD-100948,2019-02-03,2019-02-08,Central,India,Technology,Phones,Phones Product 948,1444.11,329.63,1
ORD-100949,2019-01-05,2019-01-07,East,India,Technology,Laptops,Laptops Product 949,99.82,17.85,2
ORD-100950,2019-02-15,2019-02-20,West,India,Office Supplies,Storage,Storage Product 950,1575.11,301.48,4
ORD-100951,2019-03-05,2019-03-09,Central,UK,Technology,Laptops,Laptops Product 951,558.87,62.96,9
ORD-100952,2019-01-28,2019-02-02,Central,USA,Technology,Accessories,Accessories Product 952,1185.79,186.4,2
ORD-100953,2019-07-12,2019-07-14,East,UK,Office Supplies,Paper,Paper Product 953,1771.38,308.73,3
ORD-100954,2019-03-15,2019-03-18,Central,UK,Office Supplies,Binders,Binders Product 954,225.99,52.62,2
ORD-100955,2019-02-12,2019-02-15,Central,Canada,Office Supplies,Binders,Binders Product 955,1978.8,470.0,10
ORD-100956,2019-12-27,2019-12-30,South,UK,Office Supplies,Paper,Paper Product 956,871.18,114.63,8
ORD-100957,2019-08-16,2019-08-19,East,UK,Office Supplies,Paper,Paper Product 957,948.61,220.8,5
ORD-100958,2019-12-19,2019-12-24,West,Canada,Technology,Laptops,Laptops Product 958,764.64,38.55,4
ORD-100959,2019-07-18,2019-07-22,South,USA,Office Supplies,Storage,Storage Product 959,970.79,215.72,4
ORD-100960,2019-09-16,2019-09-21,Central,USA,Technology,Laptops,Laptops Product 960,992.38,183.41,10
ORD-100961,2019-09-20,2019-09-22,West,USA,Office Supplies,Paper,Paper Product 961,289.2,38.84,2
ORD-100962,2019-05-09,2019-05-10,East,USA,Office Supplies,Paper,Paper Product 962,1318.0,170.53,3
ORD-100963,2019-01-30,2019-02-04,East,India,Furniture,Tables,Tables Product 963,742.76,171.07,2
ORD-100964,2019-12-02,2019-12-06,West,India,Furniture,Bookcases,Bookcases Product 964,1951.86,343.95,5
ORD-100965,2019-12-05,2019-12-08,South,Canada,Furniture,Chairs,Chairs Product 965,505.34,73.54,4
ORD-100966,2019-06-09,2019-06-12,Central,USA,Office Supplies,Binders,Binders Product 966,530.05,115.44,5
ORD-100967,2019-11-12,2019-11-16,West,India,Technology,Laptops,Laptops Product 967,1757.42,148.42,1
ORD-100968,2019-04-09,2019-04-10,West,USA,Technology,Accessories,Accessories Product 968,1303.8,268.83,2
ORD-100969,2019-09-04,2019-09-07,Central,UK,Office Supplies,Binders,Binders Product 969,719.15,52.32,7
ORD-100970,2019-11-03,2019-11-06,South,Canada,Furniture,Bookcases,Bookcases Product 970,1228.22,281.96,3
ORD-100971,2019-05-11,2019-05-16,East,USA,Technology,Phones,Phones Product 971,547.96,90.03,9
ORD-100972,2019-10-28,2019-10-29,East,Canada,Furniture,Bookcases,Bookcases Product 972,1658.95,229.81,10
ORD-100973,2019-06-22,2019-06-23,Central,India,Office Supplies,Binders,Binders Product 973,843.32,126.23,3
ORD-100974,2019-08-28,2019-09-02,South,India,Office Supplies,Paper,Paper Product 974,516.21,74.04,5
ORD-100975,2019-10-24,2019-10-25,West,USA,Furniture,Bookcases,Bookcases Product 975,720.0,158.78,5
ORD-100976,2019-09-23,2019-09-26,West,UK,Technology,Phones,Phones Product 976,1664.3,175.82,7
ORD-100977,2019-10-17,2019-10-22,West,Canada,Office Supplies,Binders,Binders Product 977,1908.15,317.81,3
ORD-100978,2019-12-03,2019-12-04,Central,USA,Office Supplies,Storage,Storage Product 978,292.05,60.6,7
ORD-100979,2019-03-31,2019-04-03,West,India,Technology,Laptops,Laptops Product 979,1522.34,131.39,2
ORD-100980,2019-07-03,2019-07-08,East,Canada,Office Supplies,Binders,Binders Product 980,146.06,17.35,5
ORD-100981,2019-05-15,2019-05-20,South,USA,Furniture,Tables,Tables Product 981,1984.28,487.53,5
ORD-100982,2019-11-13,2019-11-15,Central,India,Technology,Phones,Phones Product 982,1631.39,291.68,9
ORD-100983,2019-12-21,2019-12-24,Central,Canada,Office Supplies,Storage,Storage Product 983,1574.74,267.62,10
ORD-100984,2019-11-12,2019-11-17,West,India,Office Supplies,Storage,Storage Product 984,566.95,139.62,5
ORD-100985,2019-01-22,2019-01-25,South,USA,Office Supplies,Paper,Paper Product 985,1732.39,155.19,5
ORD-100986,2019-12-08,2019-12-12,Central,India,Furniture,Chairs,Chairs Product 986,984.95,152.71,7
ORD-100987,2019-04-15,2019-04-17,South,Canada,Office Supplies,Paper,Paper Product 987,753.81,133.53,4
ORD-100988,2019-11-29,2019-11-30,Central,UK,Furniture,Chairs,Chairs Product 988,1980.27,316.12,3
ORD-100989,2019-11-09,2019-11-12,South,Canada,Furniture,Bookcases,Bookcases Product 989,405.6,83.8,4
ORD-100990,2019-05-28,2019-06-02,South,USA,Technology,Accessories,Accessories Product 990,839.36,68.5,3
ORD-100991,2019-09-13,2019-09-15,Central,India,Office Supplies,Storage,Storage Product 991,1440.47,190.78,10
ORD-100992,2019-12-29,2019-12-30,South,India,Technology,Accessories,Accessories Product 992,1284.75,104.21,8
ORD-100993,2019-09-09,2019-09-13,Central,Canada,Office Supplies,Paper,Paper Product 993,1687.37,415.71,10
ORD-100994,2019-07-21,2019-07-22,Central,USA,Furniture,Bookcases,Bookcases Product 994,1666.88,265.28,2
ORD-100995,2019-02-28,2019-03-02,East,Canada,Technology,Laptops,Laptops Product 995,1627.78,385.67,9
ORD-100996,2019-09-14,2019-09-15,South,USA,Technology,Phones,Phones Product 996,462.58,53.63,9
ORD-100997,2019-08-03,2019-08-05,East,UK,Technology,Accessories,Accessories Product 997,752.41,132.26,7
ORD-100998,2019-12-19,2019-12-21,South,India,Furniture,Tables,Tables Product 998,1159.67,145.14,5
ORD-100999,2019-05-19,2019-05-21,Central,USA,Technology,Laptops,Laptops Product 999,886.15,95.87,6
ORD-101000,2019-05-09,2019-05-12,East,Canada,Technology,Laptops,Laptops Product 1000,730.24,79.47,7
